dynamic_rate,method,cost_mean,cost_sd,qos_percent_mean,qos_percent_sd,unserved_requests_mean,unserved_requests_sd
0.1,Greedy,8.945155678561584,1.039216066442713,99.9,0.7035264706814482,0.02,0.14070529413628963
0.1,Regret insertion,11.33901081347759,1.5606227397760764,100.0,0.0,0.0,0.0
0.1,Tabu Search,11.40596007585604,1.5591612605580143,100.0,0.0,0.0,0.0
0.1,ALNS,9.572283433419562,1.8527850032298394,100.0,0.0,0.0,0.0
0.1,OR-Tools,8.548316868567802,1.7730537188241962,100.0,0.0,0.0,0.0
0.1,MARDAM,11.285280437469483,1.3487799777029013,99.85,0.8572330399888276,0.03,0.1714466079977654
0.1,MAAM,11.41212513923645,1.3280596983948247,99.9,0.7035264706814479,0.02,0.14070529413628954
0.1,LiDRL,10.740624303817748,1.4773533091733733,99.95,0.5000000000000006,0.01,0.09999999999999998
0.1,AMCVN,10.559268684387208,1.4967300846687082,99.95,0.5000000000000006,0.01,0.09999999999999998
0.1,DVNDA-MO,11.847462520599365,1.4576102419730346,99.9,0.7035264706814482,0.02,0.14070529413628963
0.25,Greedy,9.865196612358153,1.2540372618597013,99.95,0.5000000000000006,0.01,0.09999999999999998
0.25,Regret insertion,13.702242243207587,2.3627470957106516,100.0,0.0,0.0,0.0
0.25,Tabu Search,13.700536162039187,2.37345635598863,100.0,0.0,0.0,0.0
0.25,ALNS,11.910045277966809,2.500647059075178,100.0,0.0,0.0,0.0
0.25,OR-Tools,10.772986286406091,2.253255704862305,100.0,0.0,0.0,0.0
0.25,MARDAM,11.602861785888672,1.3425398441930396,99.9,0.7035264706814482,0.02,0.14070529413628963
0.25,MAAM,11.799102411270141,1.3758944514231088,99.9,0.7035264706814479,0.02,0.14070529413628954
0.25,LiDRL,11.064430575370789,1.5698241768343861,99.95,0.5000000000000006,0.01,0.09999999999999998
0.25,AMCVN,10.64030816078186,1.4926142482011873,99.9,1.000000000000001,0.02,0.19999999999999996
0.25,DVNDA-MO,12.034280767440796,1.5308477221811054,99.9,0.7035264706814482,0.02,0.14070529413628963
0.5,Greedy,11.130909619081242,1.4060019848714924,99.95,0.5000000000000006,0.01,0.09999999999999998
0.5,Regret insertion,16.845424383140557,3.1967514326220354,100.0,0.0,0.0,0.0
0.5,Tabu Search,16.827866657652606,3.1850449197297195,100.0,0.0,0.0,0.0
0.5,ALNS,15.901926988955235,3.2247223407694423,100.0,0.0,0.0,0.0
0.5,OR-Tools,15.2863382318653,3.0477238514682146,100.0,0.0,0.0,0.0
0.5,MARDAM,12.286803369522096,1.3883507471163676,99.9,1.000000000000001,0.02,0.19999999999999996
0.5,MAAM,12.31114420890808,1.5611871015267673,99.85,0.8572330399888264,0.03,0.17144660799776523
0.5,LiDRL,11.549718441963195,1.6144875666099865,99.95,0.5000000000000006,0.01,0.09999999999999998
0.5,AMCVN,10.739579710960388,1.4746343552481997,99.95,0.5000000000000006,0.01,0.09999999999999998
0.5,DVNDA-MO,12.409375314712525,1.5073620330640805,99.85,0.8572330399888265,0.03,0.17144660799776523
0.75,Greedy,11.579391816588938,1.4855767242951394,99.25,2.056647266742156,0.15,0.4113294533484316
0.75,Regret insertion,19.92760944412568,3.8717317819568584,100.0,0.0,0.0,0.0
0.75,Tabu Search,19.92760944412568,3.8717317819568584,100.0,0.0,0.0,0.0
0.75,ALNS,19.22666209414787,3.744942472826479,100.0,0.0,0.0,0.0
0.75,OR-Tools,19.098782606421224,3.7749932109437956,100.0,0.0,0.0,0.0
0.75,MARDAM,12.2488307762146,1.5769366850987596,99.95,0.5000000000000006,0.01,0.09999999999999998
0.75,MAAM,12.267298173904418,1.6700627470153275,99.95,0.5000000000000006,0.01,0.09999999999999998
0.75,LiDRL,11.778669729232789,1.4223690715802866,100.0,0.0,0.0,0.0
0.75,AMCVN,10.676780138015747,1.5559179594815427,99.95,0.5000000000000006,0.01,0.09999999999999998
0.75,DVNDA-MO,12.569046115875244,1.5014889008090249,99.85,1.1135075167680695,0.03,0.22270150335361377
