dynamic_rate,method,n,response_wait_min_mean,response_wait_min_sd,completion_delay_min_mean,completion_delay_min_sd,vehicle_utilization_percent_mean,vehicle_utilization_percent_sd,route_balance_cv_mean,route_balance_cv_sd,time_per_epoch_ms_mean,time_per_epoch_ms_sd,cost_mean,cost_sd,qos_percent_mean,qos_percent_sd,unserved_requests_mean,unserved_requests_sd
0.1,Greedy,100,32.748089405373776,2.9569946643642715,53.177273615900084,4.203275945522864,31.00377160200906,14.210587577871102,0.19440007653178845,0.07863336810132168,0.05750579999999417,0.02125830932871037,8.945155678561584,1.039216066442713,99.9,0.7035264706814482,0.02,0.14070529413628963
0.1,Regret insertion,100,35.1901623368273,3.776507545398239,55.6191623368273,4.722552782778211,21.628390284889797,1.5442246624529796,0.30708412464732737,0.11941099913866429,1.4450688000000007,0.31009526335973,11.33901081347759,1.5606227397760764,100.0,0.0,0.0,0.0
0.1,Tabu Search,100,35.145587466271515,3.8132796061636394,55.57458746627153,4.780034821956825,21.631673225921386,1.5495790202487378,0.3084683631237786,0.11164085945224822,9.417854000000007,1.2777311165618224,11.40596007585604,1.5591612605580143,100.0,0.0,0.0,0.0
0.1,ALNS,100,38.173688522345735,4.4340485378903365,58.602688522345744,5.486840742925727,21.553247674052663,1.5436319709592934,0.31435173213782813,0.1331523665418465,112.00542229999998,0.3937169988681402,9.572283433419562,1.8527850032298394,100.0,0.0,0.0,0.0
0.1,OR-Tools,100,38.538870537262845,4.574805934979325,58.967870537262854,5.612251033861457,21.499418300867475,1.5470153648382097,0.43767339407326106,0.16263946952708397,26.82712809999998,5.262866813546744,8.548316868567802,1.7730537188241962,100.0,0.0,0.0,0.0
0.1,MARDAM,100,33.16270128250122,3.282613532201878,53.599833221435546,4.491213599977039,21.596777229309083,1.5592442702568077,0.17944626905024053,0.07453256657070419,0.20644030000000282,1.3947701538996771e-16,11.285280437469483,1.3487799777029013,99.85,0.8572330399888276,0.03,0.1714466079977654
0.1,MAAM,100,33.552246990203855,3.463262731838481,53.97406269073486,4.681380791758069,21.59628854751587,1.529004459826081,0.19063414108008148,0.08210063450479024,0.19995389999999702,0.0,11.41212513923645,1.3280596983948247,99.9,0.7035264706814479,0.02,0.14070529413628954
0.1,LiDRL,100,45.74471881866455,7.554738850170143,66.17048244476318,8.293461493283925,21.578433895111083,1.5603491987630749,0.3604840787500143,0.15123603799443158,0.36001216000000236,6.694896738718451e-16,10.740624303817748,1.4773533091733733,99.95,0.5000000000000006,0.01,0.09999999999999998
0.1,AMCVN,100,42.0914192199707,7.009585984091263,62.51718200683594,7.918142817302891,21.569300327301026,1.5620506474296292,0.30742307839915156,0.14452217642469622,0.32079705999998964,0.0,10.559268684387208,1.4967300846687082,99.95,0.5000000000000006,0.01,0.09999999999999998
0.1,DVNDA-MO,100,31.341329345703127,3.314562862196424,51.76272388458252,4.511438083809702,21.62289783477783,1.5427921146660741,0.13181918196380138,0.05651822356286968,0.4407525800000087,0.0,11.847462520599365,1.4576102419730346,99.9,0.7035264706814482,0.02,0.14070529413628963
0.25,Greedy,100,21.741216947839803,2.4812248130710706,42.16961168468191,3.6585130660865106,23.680249799467077,4.38373291604607,0.23714274157173498,0.10603761185116262,0.08050119999995786,0.0410872812849621,9.865196612358153,1.2540372618597013,99.95,0.5000000000000006,0.01,0.09999999999999998
0.25,Regret insertion,100,24.837400659650815,3.636130035631907,45.266400659650806,4.431680708750937,21.517619597186933,1.5555122924746028,0.5050320811077473,0.14094440517716766,0.9687849000000313,0.27620638138201814,13.702242243207587,2.3627470957106516,100.0,0.0,0.0,0.0
0.25,Tabu Search,100,24.83441556711122,3.674183272997076,45.263415567111224,4.466195156646825,21.518512423947303,1.556493702550122,0.5088110860556615,0.13902936535068205,6.658572600000099,0.9573011626206582,13.700536162039187,2.37345635598863,100.0,0.0,0.0,0.0
0.25,ALNS,100,27.39815292737683,3.4849264924038494,47.82715292737684,4.480530014965936,21.4290157301848,1.564354983835675,0.5109354671690642,0.15377388286636742,111.40765560000011,0.27512876958840715,11.910045277966809,2.500647059075178,100.0,0.0,0.0,0.0
0.25,OR-Tools,100,28.014974585264678,4.291621970405116,48.44397458526468,5.123623573637671,21.380417695324255,1.563618515062493,0.5922099750304544,0.17245513785566083,29.752649400000337,6.050203504872253,10.772986286406091,2.253255704862305,100.0,0.0,0.0,0.0
0.25,MARDAM,100,22.075285243988038,2.544202925145083,42.49931156158447,3.707760157280044,21.38626438140869,1.52600461588149,0.24007139213383197,0.09607235745525569,0.1915287799999874,3.6264024001391607e-16,11.602861785888672,1.3425398441930396,99.9,0.7035264706814482,0.02,0.14070529413628963
0.25,MAAM,100,22.53884532928467,2.7281305197891266,42.966397552490236,3.834610933659095,21.401134128570558,1.555007374381208,0.2212355910614133,0.09207310540626998,0.20409035999999786,3.6264024001391607e-16,11.799102411270141,1.3758944514231088,99.9,0.7035264706814479,0.02,0.14070529413628954
0.25,LiDRL,100,37.440885581970214,8.010133426343835,57.8692794418335,8.713941992100086,21.341039733886717,1.5597487734106135,0.35999900981783867,0.1531416957541279,0.37813914000001864,0.0,11.064430575370789,1.5698241768343861,99.95,0.5000000000000006,0.01,0.09999999999999998
0.25,AMCVN,100,32.305727825164794,6.197416079887624,52.73067195892334,6.935411299811809,21.315210189819336,1.6014979784191647,0.298560683876276,0.11909963945393498,0.30320384000001477,5.579080615598709e-16,10.64030816078186,1.4926142482011873,99.9,1.000000000000001,0.02,0.19999999999999996
0.25,DVNDA-MO,100,20.76134307861328,2.6398512533543896,41.18536952972412,3.7957853044665115,21.41111660003662,1.5269471327427766,0.12058143179863691,0.052667668779192,0.43770650000000183,3.9053564309190963e-16,12.034280767440796,1.5308477221811054,99.9,0.7035264706814482,0.02,0.14070529413628963
0.5,Greedy,100,8.00566477263585,1.124701447410968,28.434059509477958,2.3380046989816354,21.257333366021008,1.7307950854739715,0.2804573776121297,0.10932434979684925,0.07478560000038215,0.029163123674954387,11.130909619081242,1.4060019848714924,99.95,0.5000000000000006,0.01,0.09999999999999998
0.5,Regret insertion,100,10.276453432986346,1.544846814140689,30.705453432986342,2.3908091325905145,21.293082252574646,1.490839458207651,0.7215174040107337,0.15410012719781466,0.3052689999996687,0.0795362432921739,16.845424383140557,3.1967514326220354,100.0,0.0,0.0,0.0
0.5,Tabu Search,100,10.268609696842498,1.5361535062536036,30.69760969684249,2.382288370203525,21.29220617401613,1.4900815406951686,0.7237035238083547,0.15373375834102385,2.7918059999999514,0.8468522448063549,16.827866657652606,3.1850449197297195,100.0,0.0,0.0,0.0
0.5,ALNS,100,12.301072519139902,1.8652975540006833,32.73007251913991,2.7740143983302574,21.24739009890834,1.4959488251533035,0.7092752788096154,0.15597827511345377,110.80817259999976,0.10191837059091378,15.901926988955235,3.2247223407694423,100.0,0.0,0.0,0.0
0.5,OR-Tools,100,13.329943680025849,2.2738254364907777,33.758943680025844,3.0073258597430836,21.216080372978304,1.4931254467242752,0.7447156466175668,0.14925113891652508,42.36680209999946,8.573964266322035,15.2863382318653,3.0477238514682146,100.0,0.0,0.0,0.0
0.5,MARDAM,100,8.12551016330719,1.163661389598684,28.556565246582032,2.3481351047022456,21.03629596710205,1.4827116494704362,0.3087270874530077,0.11277746483989479,0.2000587400000087,1.1158161231197418e-16,12.286803369522096,1.3883507471163676,99.9,1.000000000000001,0.02,0.19999999999999996
0.5,MAAM,100,8.703684396743775,1.1633700149410733,29.125131244659425,2.3197517365288243,21.042801132202147,1.4449623814043515,0.27747636668384074,0.1057402355866151,0.2151742399999989,3.9053564309190963e-16,12.31114420890808,1.5611871015267673,99.85,0.8572330399888264,0.03,0.17144660799776523
0.5,LiDRL,100,25.25349094390869,5.715301223343888,45.68188508987427,6.316615838965147,20.83572832107544,1.5295296322375431,0.3729997466504574,0.16581015846416078,0.3676002799999991,7.252804800278321e-16,11.549718441963195,1.6144875666099865,99.95,0.5000000000000006,0.01,0.09999999999999998
0.5,AMCVN,100,19.758392639160157,5.244390987601612,40.18678726196289,5.675240568733023,20.845091705322265,1.5344730514756602,0.29711935129016637,0.13212672096378125,0.3185075199999801,5.021172554038837e-16,10.739579710960388,1.4746343552481997,99.95,0.5000000000000006,0.01,0.09999999999999998
0.5,DVNDA-MO,100,7.672148199081421,1.2099349419371614,28.100989799499512,2.4037647914831264,21.03825590133667,1.4484326677494717,0.11733934194780886,0.048440578133321484,0.43490297999999233,3.9053564309190963e-16,12.409375314712525,1.5073620330640805,99.85,0.8572330399888265,0.03,0.17144660799776523
0.75,Greedy,100,1.2272731035605904,0.335330087386868,21.6715625772448,1.563508866334559,20.77110748583981,1.545706535187041,0.2868444557232503,0.11087903336253123,0.08007189999983666,0.05536932162421557,11.579391816588938,1.4855767242951394,99.25,2.056647266742156,0.15,0.4113294533484316
0.75,Regret insertion,100,1.4829584816301875,0.34052296188761666,21.911958481630187,1.5806851256342347,21.266277835044285,1.5074282537139443,0.886371232758598,0.10988380492844058,0.07997280000012097,0.036754904849251965,19.92760944412568,3.8717317819568584,100.0,0.0,0.0,0.0
0.75,Tabu Search,100,1.4829584816301875,0.34052296188761666,21.911958481630187,1.5806851256342347,21.266277835044285,1.5074282537139443,0.886371232758598,0.10988380492844058,0.09019279999989749,0.030361825815190285,19.92760944412568,3.8717317819568584,100.0,0.0,0.0,0.0
0.75,ALNS,100,1.560461081997871,0.3811577268222301,21.98946108199787,1.636962562331516,21.231536781529304,1.5048661565039336,0.8782495535163423,0.12339922076244483,110.72439109999999,0.15434847221292863,19.22666209414787,3.744942472826479,100.0,0.0,0.0,0.0
0.75,OR-Tools,100,1.632892892237778,0.4102655776640117,22.061892892237775,1.6115662889119564,21.225191051140172,1.506573968923138,0.8797871543606809,0.11876609521039952,60.400900399999955,8.147801531189222,19.098782606421224,3.7749932109437956,100.0,0.0,0.0,0.0
0.75,MARDAM,100,1.4452774834632873,0.6357374977592861,21.873671569824218,1.72088466298501,20.79748996734619,1.465195924305899,0.3188080270215869,0.14639127385380662,0.17508158000002827,3.3474483693592255e-16,12.2488307762146,1.5769366850987596,99.95,0.5000000000000006,0.01,0.09999999999999998
0.75,MAAM,100,1.6801028907299043,0.454169781107698,22.1084969329834,1.6661258890667874,20.84447204589844,1.495007439887863,0.2585331146419048,0.11435769033049807,0.1776224199999432,8.368620923398064e-17,12.267298173904418,1.6700627470153275,99.95,0.5000000000000006,0.01,0.09999999999999998
0.75,LiDRL,100,17.16783625125885,4.888176941017574,37.59683576583862,5.601480734567709,20.467105045318604,1.5245358595995422,0.4018001003935933,0.17011373740294036,0.275068179999971,5.021172554038837e-16,11.778669729232789,1.4223690715802866,100.0,0.0,0.0,0.0
0.75,AMCVN,100,11.203802561163902,5.623387915410595,31.632196464538573,6.01817751816644,20.5514813041687,1.523362751189127,0.29922190863639114,0.13620145484638146,0.24835493999996744,4.463264492478967e-16,10.676780138015747,1.5559179594815427,99.95,0.5000000000000006,0.01,0.09999999999999998
0.75,DVNDA-MO,100,1.2616291189193725,0.28762093523143595,21.688341693878172,1.5549142442937751,20.85139419555664,1.4863161605256696,0.11425652481615543,0.05543982611206665,0.3783027000000177,0.0,12.569046115875244,1.5014889008090249,99.85,1.1135075167680695,0.03,0.22270150335361377
