method,customer_count,vehicle_count,dynamic_rate,instances,cost_mean,cost_sd,qos_mean_percent,qos_sd_percent,time_100_s,time_per_instance_mean_s,planning_time_100_s,initial_planning_time_100_s,online_replanning_time_100_s,active_online_replanning_time_100_s,online_replanning_calls_100,active_online_replanning_calls_100,unserved_total,vehicles_used_mean,final_completion_mean_min
OR-Tools,20,4,0.1,20,9.148066629152972,0.837492266520605,100.0,0.0,66.0488321,3.302441605,66.0285445,20.3292955,45.699249,45.6981522,200,95,0,4.0,566.9026731100795
OR-Tools,35,7,0.1,20,15.183893016432842,1.8697362736244223,100.0,0.0,61.6815182,3.08407591,61.65344290000001,20.354582299999997,41.298860600000005,41.2978177,200,110,0,7.0,584.8518455449707
OR-Tools,50,10,0.1,20,19.8522135211107,2.233656159465475,100.0,0.0,59.598002199999996,2.97990011,59.5637893,20.7531798,38.810609500000005,38.8093607,200,112,0,10.0,587.7452276451565
Tabu Search,20,4,0.1,20,9.061442097847927,0.817993194685088,100.0,0.0,7.7443132,0.38721565999999996,7.7273324,6.3727073,1.3546251000000005,1.3538947000000014,200,96,0,4.0,566.5108752297779
Tabu Search,35,7,0.1,20,15.22698947956069,1.897946405287052,100.0,0.0,11.8206718,0.59103359,11.8009763,9.748116099999999,2.0528602000000014,2.052168399999999,200,110,0,7.0,587.9117220689868
Tabu Search,50,10,0.1,20,19.735993512006395,2.2743983985845437,100.0,0.0,15.6033077,0.780165385,15.580866300000004,12.7342764,2.8465899000000023,2.8458481000000004,200,111,0,10.0,586.1023352610916
OR-Tools,20,4,0.25,20,9.296662823058917,1.1083145669782628,100.0,0.0,57.162065999999996,2.8581033,57.1410586,20.2575485,36.8835101,36.8826058,200,118,0,4.0,577.4951069748548
OR-Tools,35,7,0.25,20,15.920099559436602,2.266300573176162,100.0,0.0,55.3624595,2.768122975,55.336738200000006,20.354408199999998,34.982330000000005,34.981785200000004,200,147,0,7.0,599.3633267823428
OR-Tools,50,10,0.25,20,22.76154335817402,2.226723219935751,100.0,0.0,51.149327,2.55746635,51.1225938,20.632524200000002,30.490069599999998,30.4896432,200,167,0,10.0,608.228014665496
Tabu Search,20,4,0.25,20,9.346510765217937,1.1351827054219739,100.0,0.0,3.9138118,0.19569059,3.900236300000002,3.3906402999999994,0.5095960000000028,0.5090536000000017,200,117,0,4.0,580.9330593462377
Tabu Search,35,7,0.25,20,16.044521589482407,2.393033257653062,100.0,0.0,5.3192164,0.26596082,5.300497800000001,4.422670699999999,0.877827100000002,0.8773649000000017,200,146,0,7.0,607.8143259359749
Tabu Search,50,10,0.25,20,22.89803555321038,2.539897622528835,100.0,0.0,6.2216075,0.311080375,6.201999799999999,5.504387100000001,0.697612699999999,0.697334399999999,200,167,0,10.0,611.3466275009516
OR-Tools,20,4,0.5,20,11.056486861419849,1.5908440766919598,100.0,0.0,34.5110561,1.725552805,34.4877885,19.4999625,14.987825999999997,14.987258999999996,200,157,0,4.0,609.0479834903988
OR-Tools,35,7,0.5,20,18.662335701831815,1.992177029741066,99.85714285714286,0.6388765649999398,33.0314326,1.65157163,32.9977301,20.100169299999997,12.897560799999997,12.897121899999998,200,175,1,7.0,634.8372553074771
OR-Tools,50,10,0.5,20,24.599342022311205,2.3092754550049297,100.0,0.0,28.6844771,1.434223855,28.658966799999995,19.9178244,8.741142399999996,8.741029799999996,200,192,0,10.0,620.8682769693514
Tabu Search,20,4,0.5,20,11.120883680950783,1.5999437289345757,100.0,0.0,0.3696138,0.01848069,0.3564736000000004,0.31248920000000013,0.04398440000000026,0.04371930000000046,200,158,0,4.0,609.0479834903988
Tabu Search,35,7,0.5,20,18.65306228141352,1.991805367003903,99.85714285714286,0.6388765649999398,0.8225238999999995,0.041126194999999977,0.8062292999999978,0.7133370000000006,0.09289229999999726,0.09265449999999764,200,175,1,7.0,632.6818973983927
Tabu Search,50,10,0.5,20,24.591506758930404,2.578080346174981,100.0,0.0,0.8956712999999998,0.04478356499999999,0.8704023000000032,0.7774705000000004,0.09293180000000278,0.0928477000000032,200,192,0,10.0,624.0657669902215
OR-Tools,20,4,0.75,20,11.737438857470856,0.9578326269293693,96.5,4.006573545930159,11.435704900000001,0.571785245,11.4048835,8.5653161,2.8395673999999995,2.8389839999999995,200,164,14,4.0,626.7682020388997
OR-Tools,35,7,0.75,20,19.913366842831987,2.091161596414171,99.71428571428571,0.8794100160729904,9.633583100000001,0.481679155,9.6004668,7.6374204,1.9630464000000005,1.9629980000000007,200,197,2,7.0,632.1611254603001
OR-Tools,50,10,0.75,20,25.558510295488325,2.662870603494888,99.7,0.7326950970650471,6.7720171,0.33860085500000003,6.7466758,5.4290112,1.3176646,1.3176646,200,200,3,10.0,629.2865510887879
Tabu Search,20,4,0.75,20,11.737438857470856,0.9578326269293693,96.5,4.006573545930159,0.05866700000000047,0.0029333500000000234,0.04460059999999699,0.026049999999999462,0.01855059999999753,0.01823039999999798,200,164,14,4.0,626.7682020388997
Tabu Search,35,7,0.75,20,19.913366842831987,2.091161596414171,99.71428571428571,0.8794100160729904,0.1048576000000001,0.005242880000000005,0.08326959999999994,0.04753549999999973,0.03573410000000021,0.03569330000000037,200,197,2,7.0,632.1611254603001
Tabu Search,50,10,0.75,20,25.558510295488325,2.662870603494888,99.7,0.7326950970650471,0.1290564000000003,0.0064528200000000145,0.09916010000000042,0.042904800000000076,0.05625530000000034,0.05625530000000034,200,200,3,10.0,629.2865510887879
