method,dynamic_rate,instance_id,cost,qos_percent
DVNDA,0.1,0,9.666322708129883,100.0
DVNDA,0.1,1,9.019763946533203,100.0
DVNDA,0.1,2,6.657652378082275,100.0
DVNDA,0.1,3,8.45505142211914,100.0
DVNDA,0.1,4,5.689877986907959,100.0
DVNDA,0.1,5,8.067734718322754,100.0
DVNDA,0.1,6,9.431716918945312,100.0
DVNDA,0.1,7,6.846745014190674,100.0
DVNDA,0.1,8,8.63737678527832,100.0
DVNDA,0.1,9,6.436406135559082,100.0
DVNDA,0.1,10,9.138726234436035,100.0
DVNDA,0.1,11,9.230461120605469,100.0
DVNDA,0.1,12,7.564866065979004,100.0
DVNDA,0.1,13,8.772160530090332,100.0
DVNDA,0.1,14,6.5931620597839355,100.0
DVNDA,0.1,15,9.33981704711914,100.0
DVNDA,0.1,16,7.767082214355469,100.0
DVNDA,0.1,17,7.940566539764404,100.0
DVNDA,0.1,18,7.705760478973389,100.0
DVNDA,0.1,19,9.133157730102539,100.0
DVNDA,0.1,20,9.16594409942627,100.0
DVNDA,0.1,21,7.832545280456543,100.0
DVNDA,0.1,22,8.470842361450195,100.0
DVNDA,0.1,23,9.145633697509766,100.0
DVNDA,0.1,24,8.254162788391113,100.0
DVNDA,0.1,25,8.878028869628906,100.0
DVNDA,0.1,26,9.30738639831543,100.0
DVNDA,0.1,27,6.97167444229126,100.0
DVNDA,0.1,28,7.14208984375,100.0
DVNDA,0.1,29,9.26841926574707,100.0
DVNDA,0.1,30,7.862285614013672,100.0
DVNDA,0.1,31,9.639080047607422,100.0
DVNDA,0.1,32,6.137119770050049,100.0
DVNDA,0.1,33,8.994452476501465,100.0
DVNDA,0.1,34,10.325124740600586,100.0
DVNDA,0.1,35,8.515836715698242,100.0
DVNDA,0.1,36,6.574969291687012,100.0
DVNDA,0.1,37,7.685311317443848,100.0
DVNDA,0.1,38,8.154498100280762,100.0
DVNDA,0.1,39,7.740328788757324,100.0
DVNDA,0.1,40,8.799797058105469,100.0
DVNDA,0.1,41,6.7465009689331055,100.0
DVNDA,0.1,42,7.752814769744873,100.0
DVNDA,0.1,43,7.14443302154541,100.0
DVNDA,0.1,44,7.117865085601807,100.0
DVNDA,0.1,45,8.280471801757812,100.0
DVNDA,0.1,46,8.827717781066895,100.0
DVNDA,0.1,47,8.498066902160645,100.0
DVNDA,0.1,48,8.063018798828125,100.0
DVNDA,0.1,49,9.367704391479492,100.0
DVNDA,0.1,50,8.286921501159668,100.0
DVNDA,0.1,51,9.661754608154297,100.0
DVNDA,0.1,52,8.490252494812012,100.0
DVNDA,0.1,53,10.28035831451416,100.0
DVNDA,0.1,54,10.009428977966309,100.0
DVNDA,0.1,55,9.199820518493652,100.0
DVNDA,0.1,56,10.600190162658691,100.0
DVNDA,0.1,57,8.712523460388184,100.0
DVNDA,0.1,58,8.068547248840332,100.0
DVNDA,0.1,59,8.425086975097656,100.0
DVNDA,0.1,60,8.84588623046875,100.0
DVNDA,0.1,61,9.248826026916504,100.0
DVNDA,0.1,62,8.276473999023438,100.0
DVNDA,0.1,63,10.185729026794434,100.0
DVNDA,0.1,64,9.979693412780762,95.0
DVNDA,0.1,65,9.689300537109375,100.0
DVNDA,0.1,66,8.744844436645508,100.0
DVNDA,0.1,67,8.964099884033203,100.0
DVNDA,0.1,68,8.390207290649414,100.0
DVNDA,0.1,69,6.9207916259765625,100.0
DVNDA,0.1,70,8.27684211730957,100.0
DVNDA,0.1,71,9.961179733276367,100.0
DVNDA,0.1,72,8.572710037231445,100.0
DVNDA,0.1,73,8.846096992492676,100.0
DVNDA,0.1,74,9.919658660888672,100.0
DVNDA,0.1,75,8.067937850952148,100.0
DVNDA,0.1,76,9.759023666381836,100.0
DVNDA,0.1,77,9.771071434020996,100.0
DVNDA,0.1,78,9.306330680847168,100.0
DVNDA,0.1,79,7.04316520690918,100.0
DVNDA,0.1,80,8.310490608215332,100.0
DVNDA,0.1,81,8.362337112426758,100.0
DVNDA,0.1,82,9.27871322631836,100.0
DVNDA,0.1,83,8.193098068237305,100.0
DVNDA,0.1,84,11.763152122497559,100.0
DVNDA,0.1,85,8.317008018493652,100.0
DVNDA,0.1,86,9.529568672180176,100.0
DVNDA,0.1,87,8.298358917236328,100.0
DVNDA,0.1,88,7.4654741287231445,100.0
DVNDA,0.1,89,9.626051902770996,100.0
DVNDA,0.1,90,10.562018394470215,95.0
DVNDA,0.1,91,7.262582778930664,100.0
DVNDA,0.1,92,10.298792839050293,100.0
DVNDA,0.1,93,9.171652793884277,100.0
DVNDA,0.1,94,8.119851112365723,95.0
DVNDA,0.1,95,8.300264358520508,100.0
DVNDA,0.1,96,9.238137245178223,100.0
DVNDA,0.1,97,8.188231468200684,100.0
DVNDA,0.1,98,9.433253288269043,100.0
DVNDA,0.1,99,9.149791717529297,100.0
DVNDA,0.25,0,8.996465682983398,100.0
DVNDA,0.25,1,10.084946632385254,100.0
DVNDA,0.25,2,8.187711715698242,100.0
DVNDA,0.25,3,8.827814102172852,100.0
DVNDA,0.25,4,6.486516952514648,100.0
DVNDA,0.25,5,8.849283218383789,100.0
DVNDA,0.25,6,11.216678619384766,100.0
DVNDA,0.25,7,8.029751777648926,100.0
DVNDA,0.25,8,9.245260238647461,100.0
DVNDA,0.25,9,7.703432083129883,100.0
DVNDA,0.25,10,8.746935844421387,100.0
DVNDA,0.25,11,9.438496589660645,100.0
DVNDA,0.25,12,8.896956443786621,100.0
DVNDA,0.25,13,9.075571060180664,100.0
DVNDA,0.25,14,8.294699668884277,100.0
DVNDA,0.25,15,10.445486068725586,100.0
DVNDA,0.25,16,8.096379280090332,100.0
DVNDA,0.25,17,8.16875171661377,100.0
DVNDA,0.25,18,8.838390350341797,100.0
DVNDA,0.25,19,11.58273983001709,100.0
DVNDA,0.25,20,9.066204071044922,100.0
DVNDA,0.25,21,8.590105056762695,100.0
DVNDA,0.25,22,9.75224781036377,100.0
DVNDA,0.25,23,7.8766188621521,100.0
DVNDA,0.25,24,9.070873260498047,100.0
DVNDA,0.25,25,8.258069038391113,100.0
DVNDA,0.25,26,10.50234317779541,100.0
DVNDA,0.25,27,8.252470970153809,100.0
DVNDA,0.25,28,7.556825637817383,100.0
DVNDA,0.25,29,8.644148826599121,100.0
DVNDA,0.25,30,8.873560905456543,100.0
DVNDA,0.25,31,9.81379222869873,100.0
DVNDA,0.25,32,8.383491516113281,100.0
DVNDA,0.25,33,9.5886812210083,100.0
DVNDA,0.25,34,10.564599990844727,100.0
DVNDA,0.25,35,7.88003396987915,100.0
DVNDA,0.25,36,8.939153671264648,100.0
DVNDA,0.25,37,8.23519515991211,100.0
DVNDA,0.25,38,9.15252685546875,100.0
DVNDA,0.25,39,10.314692497253418,100.0
DVNDA,0.25,40,8.28956413269043,100.0
DVNDA,0.25,41,8.086637496948242,100.0
DVNDA,0.25,42,8.071126937866211,100.0
DVNDA,0.25,43,8.50301742553711,100.0
DVNDA,0.25,44,7.3590803146362305,100.0
DVNDA,0.25,45,8.699495315551758,100.0
DVNDA,0.25,46,10.79261589050293,100.0
DVNDA,0.25,47,9.682733535766602,100.0
DVNDA,0.25,48,10.862848281860352,100.0
DVNDA,0.25,49,9.13390064239502,100.0
DVNDA,0.25,50,8.10895824432373,100.0
DVNDA,0.25,51,9.965719223022461,100.0
DVNDA,0.25,52,10.94674015045166,100.0
DVNDA,0.25,53,10.130924224853516,100.0
DVNDA,0.25,54,10.195793151855469,100.0
DVNDA,0.25,55,10.863702774047852,100.0
DVNDA,0.25,56,11.7691650390625,100.0
DVNDA,0.25,57,10.124549865722656,100.0
DVNDA,0.25,58,7.332276821136475,100.0
DVNDA,0.25,59,9.253311157226562,100.0
DVNDA,0.25,60,8.076092720031738,100.0
DVNDA,0.25,61,8.569052696228027,100.0
DVNDA,0.25,62,9.252264022827148,100.0
DVNDA,0.25,63,10.302011489868164,100.0
DVNDA,0.25,64,9.972975730895996,95.0
DVNDA,0.25,65,10.44658088684082,100.0
DVNDA,0.25,66,9.755711555480957,100.0
DVNDA,0.25,67,11.064268112182617,100.0
DVNDA,0.25,68,8.513936996459961,100.0
DVNDA,0.25,69,8.755448341369629,100.0
DVNDA,0.25,70,9.92633056640625,100.0
DVNDA,0.25,71,11.69802474975586,100.0
DVNDA,0.25,72,11.359082221984863,100.0
DVNDA,0.25,73,9.81502628326416,100.0
DVNDA,0.25,74,11.433119773864746,100.0
DVNDA,0.25,75,8.201391220092773,100.0
DVNDA,0.25,76,10.099471092224121,100.0
DVNDA,0.25,77,9.434764862060547,100.0
DVNDA,0.25,78,9.566713333129883,100.0
DVNDA,0.25,79,9.522743225097656,100.0
DVNDA,0.25,80,10.403851509094238,100.0
DVNDA,0.25,81,9.577888488769531,100.0
DVNDA,0.25,82,8.296414375305176,100.0
DVNDA,0.25,83,8.834266662597656,100.0
DVNDA,0.25,84,8.998941421508789,100.0
DVNDA,0.25,85,8.942622184753418,100.0
DVNDA,0.25,86,9.728347778320312,100.0
DVNDA,0.25,87,7.642643451690674,100.0
DVNDA,0.25,88,8.612737655639648,100.0
DVNDA,0.25,89,11.18625259399414,100.0
DVNDA,0.25,90,10.739233016967773,100.0
DVNDA,0.25,91,8.331378936767578,100.0
DVNDA,0.25,92,9.324792861938477,100.0
DVNDA,0.25,93,10.07735538482666,100.0
DVNDA,0.25,94,7.55202054977417,95.0
DVNDA,0.25,95,7.210438251495361,100.0
DVNDA,0.25,96,9.336522102355957,100.0
DVNDA,0.25,97,8.964082717895508,100.0
DVNDA,0.25,98,9.433451652526855,100.0
DVNDA,0.25,99,9.840805053710938,100.0
DVNDA,0.5,0,11.19427490234375,100.0
DVNDA,0.5,1,11.270740509033203,100.0
DVNDA,0.5,2,9.090242385864258,100.0
DVNDA,0.5,3,10.174029350280762,100.0
DVNDA,0.5,4,7.063488483428955,100.0
DVNDA,0.5,5,8.942501068115234,100.0
DVNDA,0.5,6,11.487388610839844,100.0
DVNDA,0.5,7,9.713966369628906,100.0
DVNDA,0.5,8,10.628692626953125,100.0
DVNDA,0.5,9,8.65870189666748,100.0
DVNDA,0.5,10,11.313417434692383,100.0
DVNDA,0.5,11,11.14986515045166,100.0
DVNDA,0.5,12,10.467008590698242,100.0
DVNDA,0.5,13,10.90557861328125,100.0
DVNDA,0.5,14,8.954848289489746,100.0
DVNDA,0.5,15,12.160985946655273,100.0
DVNDA,0.5,16,8.908149719238281,100.0
DVNDA,0.5,17,9.009367942810059,100.0
DVNDA,0.5,18,9.690343856811523,100.0
DVNDA,0.5,19,11.440000534057617,100.0
DVNDA,0.5,20,8.031535148620605,100.0
DVNDA,0.5,21,13.035605430603027,100.0
DVNDA,0.5,22,9.47677993774414,100.0
DVNDA,0.5,23,9.868682861328125,100.0
DVNDA,0.5,24,9.76885986328125,100.0
DVNDA,0.5,25,9.842626571655273,100.0
DVNDA,0.5,26,11.18261432647705,100.0
DVNDA,0.5,27,9.891036987304688,100.0
DVNDA,0.5,28,9.803750038146973,100.0
DVNDA,0.5,29,9.977983474731445,100.0
DVNDA,0.5,30,9.299355506896973,100.0
DVNDA,0.5,31,11.982157707214355,100.0
DVNDA,0.5,32,9.252096176147461,100.0
DVNDA,0.5,33,10.70376205444336,100.0
DVNDA,0.5,34,12.38515853881836,100.0
DVNDA,0.5,35,9.463640213012695,100.0
DVNDA,0.5,36,9.704069137573242,100.0
DVNDA,0.5,37,8.730436325073242,100.0
DVNDA,0.5,38,9.593894958496094,100.0
DVNDA,0.5,39,11.25379753112793,100.0
DVNDA,0.5,40,8.847953796386719,100.0
DVNDA,0.5,41,8.745135307312012,100.0
DVNDA,0.5,42,8.74394416809082,100.0
DVNDA,0.5,43,9.857494354248047,100.0
DVNDA,0.5,44,9.317291259765625,100.0
DVNDA,0.5,45,11.831579208374023,100.0
DVNDA,0.5,46,11.7718505859375,100.0
DVNDA,0.5,47,12.037785530090332,100.0
DVNDA,0.5,48,9.760025978088379,100.0
DVNDA,0.5,49,10.730588912963867,100.0
DVNDA,0.5,50,9.484304428100586,100.0
DVNDA,0.5,51,9.966774940490723,100.0
DVNDA,0.5,52,9.927764892578125,100.0
DVNDA,0.5,53,11.556222915649414,100.0
DVNDA,0.5,54,12.187064170837402,100.0
DVNDA,0.5,55,10.66425895690918,100.0
DVNDA,0.5,56,12.242560386657715,100.0
DVNDA,0.5,57,12.54531192779541,100.0
DVNDA,0.5,58,11.193355560302734,100.0
DVNDA,0.5,59,11.950958251953125,100.0
DVNDA,0.5,60,10.148911476135254,100.0
DVNDA,0.5,61,11.880288124084473,100.0
DVNDA,0.5,62,11.793510437011719,100.0
DVNDA,0.5,63,10.058676719665527,95.0
DVNDA,0.5,64,10.768882751464844,95.0
DVNDA,0.5,65,12.144880294799805,100.0
DVNDA,0.5,66,12.249252319335938,100.0
DVNDA,0.5,67,11.055118560791016,100.0
DVNDA,0.5,68,10.022147178649902,100.0
DVNDA,0.5,69,9.863327980041504,100.0
DVNDA,0.5,70,9.670031547546387,100.0
DVNDA,0.5,71,13.190435409545898,100.0
DVNDA,0.5,72,10.913480758666992,100.0
DVNDA,0.5,73,10.829219818115234,100.0
DVNDA,0.5,74,11.441268920898438,100.0
DVNDA,0.5,75,10.642380714416504,100.0
DVNDA,0.5,76,10.10861873626709,100.0
DVNDA,0.5,77,10.977750778198242,100.0
DVNDA,0.5,78,11.588141441345215,100.0
DVNDA,0.5,79,11.140223503112793,100.0
DVNDA,0.5,80,9.745091438293457,100.0
DVNDA,0.5,81,8.812175750732422,100.0
DVNDA,0.5,82,9.471426010131836,100.0
DVNDA,0.5,83,10.538424491882324,100.0
DVNDA,0.5,84,11.182382583618164,100.0
DVNDA,0.5,85,9.00924301147461,100.0
DVNDA,0.5,86,8.960158348083496,100.0
DVNDA,0.5,87,7.954714298248291,100.0
DVNDA,0.5,88,9.931293487548828,100.0
DVNDA,0.5,89,11.387269973754883,100.0
DVNDA,0.5,90,12.688517570495605,100.0
DVNDA,0.5,91,8.533180236816406,100.0
DVNDA,0.5,92,9.753854751586914,100.0
DVNDA,0.5,93,10.68227767944336,100.0
DVNDA,0.5,94,8.524859428405762,95.0
DVNDA,0.5,95,9.279873847961426,100.0
DVNDA,0.5,96,10.844812393188477,100.0
DVNDA,0.5,97,11.387877464294434,100.0
DVNDA,0.5,98,9.961213111877441,100.0
DVNDA,0.5,99,10.157670021057129,100.0
DVNDA,0.75,0,11.879331588745117,100.0
DVNDA,0.75,1,12.81495189666748,100.0
DVNDA,0.75,2,9.782133102416992,100.0
DVNDA,0.75,3,12.14953899383545,100.0
DVNDA,0.75,4,8.637676239013672,100.0
DVNDA,0.75,5,9.45043659210205,100.0
DVNDA,0.75,6,13.601075172424316,100.0
DVNDA,0.75,7,10.348634719848633,100.0
DVNDA,0.75,8,10.055442810058594,100.0
DVNDA,0.75,9,11.295315742492676,100.0
DVNDA,0.75,10,10.771166801452637,100.0
DVNDA,0.75,11,12.180404663085938,100.0
DVNDA,0.75,12,10.56285572052002,100.0
DVNDA,0.75,13,10.517443656921387,100.0
DVNDA,0.75,14,10.464333534240723,100.0
DVNDA,0.75,15,13.575688362121582,100.0
DVNDA,0.75,16,10.295639991760254,100.0
DVNDA,0.75,17,8.881180763244629,100.0
DVNDA,0.75,18,8.69706916809082,100.0
DVNDA,0.75,19,12.114731788635254,100.0
DVNDA,0.75,20,10.048236846923828,100.0
DVNDA,0.75,21,11.987687110900879,100.0
DVNDA,0.75,22,12.215826034545898,100.0
DVNDA,0.75,23,9.342761993408203,100.0
DVNDA,0.75,24,10.199110984802246,100.0
DVNDA,0.75,25,8.187887191772461,100.0
DVNDA,0.75,26,13.229137420654297,100.0
DVNDA,0.75,27,9.367319107055664,100.0
DVNDA,0.75,28,10.636610984802246,100.0
DVNDA,0.75,29,10.451547622680664,100.0
DVNDA,0.75,30,10.158418655395508,100.0
DVNDA,0.75,31,13.334019660949707,100.0
DVNDA,0.75,32,10.32702922821045,100.0
DVNDA,0.75,33,12.158185958862305,100.0
DVNDA,0.75,34,12.017159461975098,100.0
DVNDA,0.75,35,12.110198974609375,100.0
DVNDA,0.75,36,10.113696098327637,100.0
DVNDA,0.75,37,9.243561744689941,100.0
DVNDA,0.75,38,12.095699310302734,100.0
DVNDA,0.75,39,11.146415710449219,100.0
DVNDA,0.75,40,9.552345275878906,100.0
DVNDA,0.75,41,9.96499252319336,100.0
DVNDA,0.75,42,7.723995208740234,100.0
DVNDA,0.75,43,9.36843490600586,100.0
DVNDA,0.75,44,9.876179695129395,100.0
DVNDA,0.75,45,11.477571487426758,100.0
DVNDA,0.75,46,9.611489295959473,100.0
DVNDA,0.75,47,12.878979682922363,100.0
DVNDA,0.75,48,12.17513656616211,100.0
DVNDA,0.75,49,11.201187133789062,100.0
DVNDA,0.75,50,13.900050163269043,100.0
DVNDA,0.75,51,13.303947448730469,100.0
DVNDA,0.75,52,11.207011222839355,100.0
DVNDA,0.75,53,15.272134780883789,100.0
DVNDA,0.75,54,13.70080280303955,100.0
DVNDA,0.75,55,9.992639541625977,100.0
DVNDA,0.75,56,12.014213562011719,100.0
DVNDA,0.75,57,13.108321189880371,100.0
DVNDA,0.75,58,10.730501174926758,100.0
DVNDA,0.75,59,12.588850021362305,100.0
DVNDA,0.75,60,10.942093849182129,100.0
DVNDA,0.75,61,12.316394805908203,100.0
DVNDA,0.75,62,11.651634216308594,100.0
DVNDA,0.75,63,12.817802429199219,95.0
DVNDA,0.75,64,12.14842414855957,100.0
DVNDA,0.75,65,12.939737319946289,100.0
DVNDA,0.75,66,9.82142448425293,100.0
DVNDA,0.75,67,13.577277183532715,100.0
DVNDA,0.75,68,10.634110450744629,100.0
DVNDA,0.75,69,10.792146682739258,100.0
DVNDA,0.75,70,11.378313064575195,100.0
DVNDA,0.75,71,12.73604679107666,100.0
DVNDA,0.75,72,14.31617546081543,100.0
DVNDA,0.75,73,13.024479866027832,100.0
DVNDA,0.75,74,12.260724067687988,100.0
DVNDA,0.75,75,11.216300964355469,100.0
DVNDA,0.75,76,12.146005630493164,100.0
DVNDA,0.75,77,12.653905868530273,100.0
DVNDA,0.75,78,13.684837341308594,100.0
DVNDA,0.75,79,11.768948554992676,100.0
DVNDA,0.75,80,12.43349838256836,100.0
DVNDA,0.75,81,12.493703842163086,100.0
DVNDA,0.75,82,10.375054359436035,100.0
DVNDA,0.75,83,10.781492233276367,100.0
DVNDA,0.75,84,11.578120231628418,100.0
DVNDA,0.75,85,10.536041259765625,100.0
DVNDA,0.75,86,11.22785472869873,100.0
DVNDA,0.75,87,10.75133228302002,100.0
DVNDA,0.75,88,9.92508316040039,100.0
DVNDA,0.75,89,11.343427658081055,100.0
DVNDA,0.75,90,11.397119522094727,100.0
DVNDA,0.75,91,11.284038543701172,100.0
DVNDA,0.75,92,12.238022804260254,100.0
DVNDA,0.75,93,12.11215877532959,100.0
DVNDA,0.75,94,9.62539005279541,95.0
DVNDA,0.75,95,10.63890552520752,100.0
DVNDA,0.75,96,12.207358360290527,100.0
DVNDA,0.75,97,11.110918998718262,100.0
DVNDA,0.75,98,12.320725440979004,100.0
DVNDA,0.75,99,11.657059669494629,100.0
