method,customer_count,vehicle_count,dynamic_rate,instances,cost_mean,cost_sd,qos_mean_percent,qos_sd_percent,time_100_s,time_per_instance_mean_s,unserved_total,vehicles_used_mean,final_completion_mean_min
Adaptive LNS,20,4,0.1,100,7.172373013829956,0.9757529865172766,99.85,1.1135075167680688,315.5315989,3.155315989,3,3.69,483.473128907978
Adaptive LNS,35,7,0.1,100,11.392137466885236,1.4746350447319727,100.0,0.0,373.1866794,3.731866794,0,6.06,488.56556256062083
Adaptive LNS,50,10,0.1,100,15.81218432899476,1.8683551166607477,100.0,0.0,422.53678229999997,4.225367823,0,8.54,492.41321216583145
OR-Tools,20,4,0.1,100,7.028621995760634,0.8819002896189687,99.85,0.857233039988825,495.2692779,4.952692779,3,3.95,483.5390237027117
OR-Tools,35,7,0.1,100,11.235256825403726,1.2733171457559982,100.0,0.0,660.6133944999999,6.606133944999999,0,6.8,488.62088997494897
OR-Tools,50,10,0.1,100,15.475724219471875,1.8680437550641915,100.0,0.0,727.8294015,7.278294015,0,9.65,492.56217885731365
Regret insertion,20,4,0.1,100,8.373986292311992,1.158526786662256,99.85,1.1135075167680688,2.6728929,0.026728929,3,3.66,483.42257860419966
Regret insertion,35,7,0.1,100,13.910699566906,1.6247310857829986,100.0,0.0,10.3748272,0.103748272,0,6.03,488.3911979319619
Regret insertion,50,10,0.1,100,19.387040096160284,1.9775286168194761,100.0,0.0,26.2031384,0.262031384,0,8.49,492.62615349408725
Tabu Search,20,4,0.1,100,7.0224111312508235,0.8818492549370405,99.85,0.8572330399888239,490.1883746,4.901883745999999,3,3.96,483.5473620040434
Tabu Search,35,7,0.1,100,11.311986974120185,1.4293790128275754,100.0,0.0,651.9199497,6.519199497,0,6.83,488.59280127231114
Tabu Search,50,10,0.1,100,15.564563704085792,1.8990815120685691,100.0,0.0,722.8249829,7.228249829,0,9.61,492.56391579579577
Adaptive LNS,20,4,0.25,100,7.974349387609758,1.0163959099067594,99.9,0.7035264706814487,336.96725299999997,3.36967253,2,3.67,491.23561563852667
Adaptive LNS,35,7,0.25,100,12.791397093671963,1.3468330996581397,100.0,0.0,506.799501,5.067995010000001,0,6.04,498.1571920253629
Adaptive LNS,50,10,0.25,100,17.44334056613745,1.8515667042024202,100.0,0.0,626.211057,6.26211057,0,8.46,508.52065454638
OR-Tools,20,4,0.25,100,7.652497806436372,0.9714794846713948,99.85,1.1135075167680688,666.5862783,6.665862783,3,3.98,491.4561888399699
OR-Tools,35,7,0.25,100,11.884712841250735,1.4123498170512712,100.0,0.0,859.1523683,8.591523683,0,6.8,498.51086482749713
OR-Tools,50,10,0.25,100,16.411506161062732,1.7972242832442313,100.0,0.0,941.1481512,9.411481512,0,9.43,509.8641341007039
Regret insertion,20,4,0.25,100,9.065461931553426,1.2732243420554834,99.85,1.113507516768067,1.8798762,0.018798762,3,3.68,491.47305358395306
Regret insertion,35,7,0.25,100,14.698571086017042,1.457585422745312,100.0,0.0,7.791187,0.07791187,0,6.01,497.30778546947374
Regret insertion,50,10,0.25,100,20.70391061938767,1.8911005780544194,100.0,0.0,19.6776972,0.196776972,0,8.45,506.9100947550204
Tabu Search,20,4,0.25,100,7.616342006339239,0.9503969107722448,99.85,1.1135075167680688,665.6628725,6.656628725000001,3,3.97,491.4507651731336
Tabu Search,35,7,0.25,100,12.082749167450883,1.4087571996434083,100.0,0.0,853.9887702999999,8.539887703,0,6.81,498.4810406938749
Tabu Search,50,10,0.25,100,16.484306606629744,1.8566154952328957,100.0,0.0,941.2705371,9.412705371,0,9.46,508.42044868853066
Adaptive LNS,20,4,0.5,100,9.361642240915966,1.3740885418013145,99.85,1.113507516768067,465.5204704,4.655204704,3,3.66,500.93975860018037
Adaptive LNS,35,7,0.5,100,14.7493521607551,1.5721865832859498,100.0,0.0,816.4512192,8.164512192,0,6.01,519.0483615307706
Adaptive LNS,50,10,0.5,100,19.77791618811357,1.9433599439433666,100.0,0.0,976.3672238,9.763672238,0,8.48,534.572455230078
OR-Tools,20,4,0.5,100,8.43099741387602,1.0838160317967804,99.8,1.2143918126978113,888.0174903,8.880174903,4,3.96,501.0714328136175
OR-Tools,35,7,0.5,100,13.318347780088056,1.7021856924413103,100.0,0.0,1047.3321309,10.473321309000001,0,6.7,521.0997940694052
OR-Tools,50,10,0.5,100,18.186729957848407,1.7855957377102956,100.0,0.0,1087.599528,10.87599528,0,9.49,538.2204198327621
Regret insertion,20,4,0.5,100,9.897328918014312,1.3332730770838028,99.9,0.7035264706814487,1.033474799999998,0.01033474799999998,2,3.66,500.8020074221124
Regret insertion,35,7,0.5,100,16.58908295594313,1.697701967185051,100.0,0.0,3.973481500000001,0.03973481500000001,0,5.98,516.3661148643653
Regret insertion,50,10,0.5,100,22.783123593571023,2.120920872830076,100.0,0.0,9.6661032,0.09666103200000001,0,8.4,530.2071295204328
Tabu Search,20,4,0.5,100,8.529820539236242,1.1679859629361085,99.85,1.1135075167680688,888.1036491,8.881036491,3,3.95,500.9477656243237
Tabu Search,35,7,0.5,100,13.320508622081359,1.4712955345580359,100.0,0.0,1049.3809345,10.493809344999999,0,6.69,520.1410478113522
Tabu Search,50,10,0.5,100,18.114891794043203,1.992337681907435,100.0,0.0,1086.5217024,10.865217024000001,0,9.39,539.6643370963403
Adaptive LNS,20,4,0.75,100,10.176727408067173,1.2923675312446827,99.85,1.1135075167680688,681.9022922,6.819022922,3,3.69,512.0453148829521
Adaptive LNS,35,7,0.75,100,16.035046972527027,1.7947528832557254,100.0,0.0,1018.7674106,10.187674106,0,6.01,532.9268921509185
Adaptive LNS,50,10,0.75,100,20.817318202528607,1.801689707859996,100.0,0.0,1089.5616313,10.895616313,0,8.47,555.1528109446998
OR-Tools,20,4,0.75,100,9.47366133489055,1.2713411132173447,99.75,1.4864709750264085,1011.3521389,10.113521389,5,3.93,514.1883480568112
OR-Tools,35,7,0.75,100,14.467521022786018,1.4983320567165217,100.0,0.0,1090.4119005,10.904119005,0,6.8,539.3086110396035
OR-Tools,50,10,0.75,100,19.05165278936746,1.7968564295951872,100.0,0.0,1100.5117496,11.005117496,0,9.55,563.6593811768923
Regret insertion,20,4,0.75,100,10.595695749676267,1.3275584650282255,99.8,1.4070529413628974,0.38850909999999983,0.0038850909999999985,4,3.64,512.1283256547007
Regret insertion,35,7,0.75,100,17.664555437274736,1.6256228168132916,100.0,0.0,1.9430187000000003,0.019430187,0,5.97,530.2855320946996
Regret insertion,50,10,0.75,100,24.448440196670408,2.2064396635916474,100.0,0.0,4.128945499999999,0.04128945499999999,0,8.41,545.2609607279924
Tabu Search,20,4,0.75,100,9.482653948720618,1.285906147078687,99.75,1.4864709750264085,1011.4630307,10.114630307,5,3.94,514.197561993867
Tabu Search,35,7,0.75,100,14.47722489577281,1.5843521543192645,100.0,0.0,1091.3387082,10.913387082,0,6.72,539.090273084863
Tabu Search,50,10,0.75,100,18.95734593223842,1.8073068189177235,99.98,0.19999999999999984,1101.4688365,11.014688365,1,9.47,568.4523663003637
