epoch,loss,reward,gradient_norm,selector_gradient_norm,validation_penalized_cost,validation_distance,validation_qos,sampled_validation_penalized_cost,sampled_validation_distance,sampled_validation_qos,acceptance_passed,trend_passed,greedy_cost_passed,greedy_qos_passed,advantage_profile_passed,paper_target_passed,paper_cost_mape,low_rate_relative_gain,high_rate_relative_gain,low_dynamic_mean_relative_gain,baseline_updated,baseline_test_p,epoch_seconds,rate_10_distance,rate_10_qos,rate_10_relative_gain,rate_10_greedy_distance,rate_10_greedy_qos,rate_25_distance,rate_25_qos,rate_25_relative_gain,rate_25_greedy_distance,rate_25_greedy_qos,rate_50_distance,rate_50_qos,rate_50_relative_gain,rate_50_greedy_distance,rate_50_greedy_qos,rate_75_distance,rate_75_qos,rate_75_relative_gain,rate_75_greedy_distance,rate_75_greedy_qos
1,7.618251411914826,-12.257868328094482,69.92258277893066,0.0,12.081966876983643,12.019467115402222,0.9993750005960464,12.085898637771606,12.01089859008789,0.9992500096559525,False,True,False,True,True,True,0.13075564688736613,-0.24393124937613253,-0.34230039180229954,-0.2291332513065092,True,2.5755159545491285e-159,49.5107114,11.219050407409668,0.9994999766349792,-0.24393124937613253,9.019027709960938,0.9990000128746033,11.60008430480957,0.9994999766349792,-0.21433525323688585,9.552620887756348,0.9994999766349792,12.337726593017578,0.9985000491142273,-0.2666789185965006,9.740216255187988,0.9994999766349792,12.92100715637207,1.0,-0.34230039180229954,9.626017570495605,1.0
2,2.1005636673420667,-12.003202104568482,59.2045979309082,0.0,12.207038879394531,12.107038497924805,0.9990000128746033,12.13625168800354,12.07375192642212,0.9993750005960464,False,True,False,True,True,True,0.14149427027199915,-0.2680200432773727,-0.3280911063443994,-0.24730534625273648,True,4.44814632356886e-39,51.8595189,11.436307907104492,0.9994999766349792,-0.2680200432773727,9.019027709960938,0.9990000128746033,11.717155456542969,0.9985000491142273,-0.22659064922810024,9.552620887756348,0.9994999766349792,12.490462303161621,0.9985000491142273,-0.28235985484498394,9.740216255187988,0.9994999766349792,12.784228324890137,0.9994999766349792,-0.3280911063443994,9.626017570495605,1.0
3,1.98239477946423,-12.063979291915894,53.73728425979614,0.0,12.245983362197876,12.145983457565308,0.9990000128746033,12.151984453201294,12.064484357833862,0.9991250038146973,False,True,False,True,True,False,0.15178092827533995,-0.28752880364626243,-0.3146324937626386,-0.26345243321965917,True,5.2723026762239165e-28,51.08122440000001,11.612257957458496,0.9994999766349792,-0.28752880364626243,9.019027709960938,0.9990000128746033,11.839289665222168,0.9990000128746033,-0.2393760627930559,9.552620887756348,0.9994999766349792,12.477710723876953,0.9985000491142273,-0.2810506868603535,9.740216255187988,0.9994999766349792,12.654675483703613,0.9990000128746033,-0.3146324937626386,9.626017570495605,1.0
4,-2.3677178429812193,-12.253428630828857,44.58191291809082,0.0,12.119940757751465,12.04494047164917,0.9992499947547913,12.14298939704895,12.067989826202393,0.9992499947547913,False,True,False,True,True,True,0.13404451584563254,-0.26155963073810073,-0.3437943071116967,-0.23953909204930546,False,1.0,51.59569780000001,11.37804126739502,0.9990000128746033,-0.26155963073810073,9.019027709960938,0.9990000128746033,11.6304931640625,0.9994999766349792,-0.21751855336051018,9.552620887756348,0.9994999766349792,12.23583984375,0.9990000128746033,-0.25621849897149396,9.740216255187988,0.9994999766349792,12.93538761138916,0.9994999766349792,-0.3437943071116967,9.626017570495605,1.0
5,1.9193460129201412,-12.05085310935974,46.08587333679199,0.0,12.160872459411621,12.035872220993042,0.9987500160932541,12.094878196716309,12.007378339767456,0.9991250038146973,False,True,False,False,True,True,0.13283541797846143,-0.24957672174747203,-0.33711523061469273,-0.23511996977807115,True,5.3473669731520094e-15,51.003625599999964,11.269967079162598,0.9984999895095825,-0.24957672174747203,9.019027709960938,0.9990000128746033,11.66053295135498,0.9990000128746033,-0.22066321780867026,9.552620887756348,0.9994999766349792,12.341894149780273,0.9990000128746033,-0.2671067896676871,9.740216255187988,0.9994999766349792,12.871094703674316,0.9985000491142273,-0.33711523061469273,9.626017570495605,1.0
6,0.6045927149942145,-12.045740976333619,46.549167747497556,0.0,12.081798076629639,11.931798458099365,0.9985000342130661,11.997276306152344,11.934775829315186,0.9993750005960464,False,True,False,False,True,True,0.12489047224042166,-0.23365837183688587,-0.32543883452611766,-0.22384162091541648,True,2.5075302401665167e-06,51.9057277,11.126399040222168,0.9990000128746033,-0.23365837183688587,9.019027709960938,0.9990000128746033,11.597119331359863,0.9985000491142273,-0.2140248699939471,9.552620887756348,0.9994999766349792,12.244977951049805,0.9980000257492065,-0.25715668217609555,9.740216255187988,0.9994999766349792,12.758697509765625,0.9985000491142273,-0.32543883452611766,9.626017570495605,1.0
7,-0.5082558844611049,-12.021806774139405,43.192714824676514,0.0,12.096706867218018,12.009206771850586,0.9991250038146973,12.004568099975586,11.954568147659302,0.9994999915361404,False,True,False,True,True,True,0.132058352002589,-0.2471566444640323,-0.3262006035302927,-0.22989396731451828,False,0.9624636694321997,51.26808289999997,11.248140335083008,0.9990000128746033,-0.2471566444640323,9.019027709960938,0.9990000128746033,11.583806991577148,0.9985000491142273,-0.21263129016500426,9.552620887756348,0.9994999766349792,12.438849449157715,0.9994999766349792,-0.27706091151029,9.740216255187988,0.9994999766349792,12.766030311584473,0.9994999766349792,-0.3262006035302927,9.626017570495605,1.0
8,-0.9251670158654451,-12.028247365951538,48.62610107421875,0.0,12.107799291610718,12.007799625396729,0.9989999979734421,12.017410039901733,11.917410612106323,0.9990000128746033,False,True,False,False,True,True,0.13054590157776608,-0.2524784459058218,-0.3309308234684296,-0.23452458864756587,False,0.9964866978588244,51.64100939999997,11.296137809753418,0.9990000128746033,-0.2524784459058218,9.019027709960938,0.9990000128746033,11.621438980102539,0.9994999766349792,-0.21657073138930993,9.552620887756348,0.9994999766349792,12.302058219909668,0.9994999766349792,-0.263016949275346,9.740216255187988,0.9994999766349792,12.811563491821289,0.9980000257492065,-0.3309308234684296,9.626017570495605,1.0
9,-0.35070091016590593,-11.986466674804687,65.41999053955078,0.0,12.078335285186768,12.028335332870483,0.9994999915361404,12.058082103729248,12.020581483840942,0.9996249824762344,False,True,False,True,False,False,0.15313890395198115,-0.28614963346197,-0.28611564285566393,-0.26806981256242524,False,0.2874114918134901,52.22359979999999,11.59981918334961,0.9994999766349792,-0.28614963346197,9.019027709960938,0.9990000128746033,11.940680503845215,0.9994999766349792,-0.2499899916628805,9.552620887756348,0.9994999766349792,12.192669868469238,0.9990000128746033,-0.2517863617222036,9.740216255187988,0.9994999766349792,12.380171775817871,1.0,-0.28611564285566393,9.626017570495605,1.0
10,9.018369591701775,-11.406483345031738,64.17531528472901,0.0,11.214846849441528,11.17734694480896,0.9996249973773956,11.32575535774231,11.275755405426025,0.9994999766349792,False,False,False,True,True,True,0.10287453448531117,-0.16909389904089367,-0.200925119860474,-0.16113553718085105,True,0.0,51.50369919999997,10.544090270996094,0.9990000128746033,-0.16909389904089367,9.019027709960938,0.9990000128746033,11.015864372253418,0.9994999766349792,-0.15317717532080843,9.552620887756348,0.9994999766349792,11.589306831359863,1.0,-0.18984081335842862,9.740216255187988,0.9994999766349792,11.560126304626465,1.0,-0.200925119860474,9.626017570495605,1.0
11,4.035929374024272,-11.008636770248414,58.54192928314209,0.0,10.688116550445557,10.65061640739441,0.9996249973773956,10.772993803024292,10.722993850708008,0.9994999915361404,False,True,False,True,True,True,0.0830970326225747,-0.09701901294429938,-0.16369037800248099,-0.09579403246482443,True,3.281737211540328e-176,51.01389759999995,9.894044876098633,0.9990000128746033,-0.09701901294429938,9.019027709960938,0.9990000128746033,10.456003189086914,0.9994999766349792,-0.09456905198534948,9.552620887756348,0.9994999766349792,11.050713539123535,1.0,-0.13454498848909324,9.740216255187988,0.9994999766349792,11.201704025268555,1.0,-0.16369037800248099,9.626017570495605,1.0
12,0.032346097305417064,-10.841287393569946,45.67308219909668,0.0,10.75149154663086,10.701491355895996,0.9994999915361404,10.807472467422485,10.782471895217896,0.9997499883174896,False,True,False,True,True,True,0.09248137363847575,-0.11824615824494855,-0.15450407193223525,-0.1113748850907178,True,3.6957213685107033e-09,51.31415459999994,10.085493087768555,0.9990000128746033,-0.11824615824494855,9.019027709960938,0.9990000128746033,10.550904273986816,0.9994999766349792,-0.10450361193648705,9.552620887756348,0.9994999766349792,11.056291580200195,0.9994999766349792,-0.13511766992968122,9.740216255187988,0.9994999766349792,11.113276481628418,1.0,-0.15450407193223525,9.626017570495605,1.0
13,2.9132407508976756,-10.69705241203308,44.459570999145505,0.0,10.630803346633911,10.568302869796753,0.9993749856948853,10.720962762832642,10.695963382720947,0.9997499883174896,False,True,False,True,True,True,0.0820471808479166,-0.09305237864825044,-0.1708010146220218,-0.08648012002490146,True,1.8165882210161304e-130,51.80412609999996,9.858269691467285,0.9994999766349792,-0.09305237864825044,9.019027709960938,0.9990000128746033,10.315950393676758,0.9990000128746033,-0.07990786140155248,9.552620887756348,0.9994999766349792,10.828840255737305,0.9994999766349792,-0.11176589636492684,9.740216255187988,0.9994999766349792,11.270151138305664,0.9994999766349792,-0.1708010146220218,9.626017570495605,1.0
14,2.8869573858426882,-10.513062162399292,43.83428686141968,0.0,10.282246589660645,10.194746255874634,0.9991249889135361,10.33371114730835,10.258711099624634,0.9992499947547913,False,True,False,False,True,True,0.09419252708798218,-0.07190845093059894,-0.09201721762409898,-0.06570100006027635,True,8.004104970079634e-158,51.69837580000001,9.667572021484375,0.9994999766349792,-0.07190845093059894,9.019027709960938,0.9990000128746033,10.120940208435059,0.9980000257492065,-0.059493549189953754,9.552620887756348,0.9994999766349792,10.4786958694458,0.9994999766349792,-0.07581757888224216,9.740216255187988,0.9994999766349792,10.5117769241333,0.9994999766349792,-0.09201721762409898,9.626017570495605,1.0
15,1.3775702785514294,-10.332173538208007,42.243094291687015,0.0,10.07435393333435,9.999353885650635,0.9992499947547913,10.374416828155518,10.311916589736938,0.9993750005960464,False,False,False,True,True,True,0.09148348367286005,-0.04075292985106693,-0.06821721185807528,-0.04433263030579182,True,3.7856227374910004e-65,52.15975780000008,9.386579513549805,0.9994999766349792,-0.04075292985106693,9.019027709960938,0.9990000128746033,10.010309219360352,0.9990000128746033,-0.04791233076051671,9.552620887756348,0.9994999766349792,10.317849159240723,0.9994999766349792,-0.05930390957644982,9.740216255187988,0.9994999766349792,10.28267765045166,0.9990000128746033,-0.06821721185807528,9.626017570495605,1.0
16,2.618142760824412,-10.130723543167115,38.597329444885254,0.0,9.872087001800537,9.784586906433105,0.9991250038146973,10.073375463485718,9.985875129699707,0.9991250038146973,False,False,False,True,False,True,0.09489984534726084,-0.023509125807221087,-0.03552623535818844,-0.016735020939027345,True,1.894290639213763e-156,51.99806149999995,9.231057167053223,0.9980000257492065,-0.023509125807221087,9.019027709960938,0.9990000128746033,9.647773742675781,0.9994999766349792,-0.009960916070833603,9.552620887756348,0.9994999766349792,10.291522979736328,0.9990000128746033,-0.05660107641395484,9.740216255187988,0.9994999766349792,9.96799373626709,1.0,-0.03552623535818844,9.626017570495605,1.0
17,0.2829599181562662,-10.035487813949585,38.42299465179443,0.0,9.853618144989014,9.778618812561035,0.9992499947547913,10.021141767501831,9.946141719818115,0.9992499947547913,False,False,False,True,False,True,0.10091615655163416,-0.037869921718372224,-0.023457115595201694,-0.03421212590709788,True,2.3360138250666555e-12,51.276910900000075,9.360577583312988,0.9994999766349792,-0.037869921718372224,9.019027709960938,0.9990000128746033,9.844494819641113,0.9994999766349792,-0.030554330095823534,9.552620887756348,0.9994999766349792,10.057586669921875,0.9990000128746033,-0.03258350804735399,9.740216255187988,0.9994999766349792,9.851816177368164,0.9990000128746033,-0.023457115595201694,9.626017570495605,1.0
18,-0.3359099140390754,-10.046838235855102,36.06139455795288,0.0,9.841569662094116,9.791569709777832,0.9995000064373016,9.997088193893433,9.947088241577148,0.9995000064373016,False,False,False,False,False,True,0.10115747344745155,-0.04033007455957072,-0.018336747869518666,-0.029839580133388388,False,0.2998088001027414,51.71987039999999,9.382765769958496,0.9994999766349792,-0.04033007455957072,9.019027709960938,0.9990000128746033,9.737455368041992,1.0,-0.01934908570720606,9.552620887756348,0.9994999766349792,10.2435302734375,1.0,-0.05167380323629156,9.740216255187988,0.9994999766349792,9.80252742767334,0.9985000491142273,-0.018336747869518666,9.626017570495605,1.0
19,1.5832087211403996,-9.887666349411012,33.54045682907105,0.0,9.699488878250122,9.64948844909668,0.9994999915361404,9.863075733184814,9.838075637817383,0.9997499883174896,False,False,False,True,True,True,0.09781865399269368,-0.0038866946610474074,-0.0317031238869816,-0.006409511613608809,True,2.0292271921021593e-67,51.14530419999994,9.054081916809082,0.9994999766349792,-0.0038866946610474074,9.019027709960938,0.9990000128746033,9.637948036193848,0.9994999766349792,-0.008932328566170211,9.552620887756348,0.9994999766349792,9.9747314453125,1.0,-0.024077000343765587,9.740216255187988,0.9994999766349792,9.931192398071289,0.9990000128746033,-0.0317031238869816,9.626017570495605,1.0
20,-0.75859839130193,-9.94855731010437,34.40867774963379,0.0,9.762377500534058,9.674877166748047,0.9991250038146973,9.825511932373047,9.763011932373047,0.9993750005960464,False,True,False,True,True,True,0.09451479046700759,0.0003192298387164616,-0.05336920553011204,0.00045482342671432363,False,0.9777266639794481,51.80087489999994,9.016148567199707,0.9994999766349792,0.0003192298387164616,9.019027709960938,0.9990000128746033,9.546980857849121,0.9990000128746033,0.0005904170147121857,9.552620887756348,0.9994999766349792,9.996628761291504,0.9990000128746033,-0.02632513482099963,9.740216255187988,0.9994999766349792,10.139750480651855,0.9990000128746033,-0.05336920553011204,9.626017570495605,1.0
