dynamic_rate,instance,cost,qos
0.1,0,7.605693340301514,1.0
0.1,1,8.899630546569824,1.0
0.1,2,6.715670108795166,1.0
0.1,3,7.829754829406738,1.0
0.1,4,5.638601779937744,1.0
0.1,5,7.142646789550781,1.0
0.1,6,7.897075176239014,1.0
0.1,7,5.818556785583496,1.0
0.1,8,8.6238374710083,1.0
0.1,9,8.079571723937988,1.0
0.1,10,8.186075210571289,1.0
0.1,11,9.09891414642334,1.0
0.1,12,8.709086418151855,1.0
0.1,13,7.102395057678223,1.0
0.1,14,7.4776153564453125,1.0
0.1,15,7.942643642425537,1.0
0.1,16,7.318033218383789,1.0
0.1,17,6.265544414520264,1.0
0.1,18,6.415414333343506,1.0
0.1,19,8.151388168334961,1.0
0.1,20,8.260871887207031,1.0
0.1,21,7.3312458992004395,1.0
0.1,22,7.1449666023254395,1.0
0.1,23,7.3826422691345215,1.0
0.1,24,6.803683280944824,1.0
0.1,25,7.246253490447998,1.0
0.1,26,7.325855731964111,1.0
0.1,27,8.313226699829102,1.0
0.1,28,7.561949729919434,1.0
0.1,29,7.542540073394775,1.0
0.1,30,7.336221218109131,1.0
0.1,31,7.762515068054199,1.0
0.1,32,7.1743059158325195,1.0
0.1,33,8.277334213256836,1.0
0.1,34,8.512060165405273,1.0
0.1,35,6.9196014404296875,1.0
0.1,36,6.430202960968018,1.0
0.1,37,5.809573173522949,1.0
0.1,38,6.375570297241211,1.0
0.1,39,7.787726402282715,1.0
0.1,40,6.398216247558594,1.0
0.1,41,6.131628513336182,1.0
0.1,42,6.964675426483154,1.0
0.1,43,6.003789901733398,1.0
0.1,44,6.740119934082031,1.0
0.1,45,7.951188564300537,1.0
0.1,46,7.803099632263184,1.0
0.1,47,8.383585929870605,1.0
0.1,48,7.669200897216797,1.0
0.1,49,7.901042938232422,1.0
0.1,50,7.493256092071533,1.0
0.1,51,9.106735229492188,1.0
0.1,52,7.832353591918945,1.0
0.1,53,10.393381118774414,1.0
0.1,54,8.35844898223877,1.0
0.1,55,8.383411407470703,1.0
0.1,56,9.21891975402832,1.0
0.1,57,8.23108196258545,1.0
0.1,58,8.55655574798584,1.0
0.1,59,8.338391304016113,1.0
0.1,60,7.928142070770264,1.0
0.1,61,7.646157741546631,1.0
0.1,62,7.758155822753906,1.0
0.1,63,8.618599891662598,0.949999988079071
0.1,64,9.030991554260254,0.949999988079071
0.1,65,9.026460647583008,1.0
0.1,66,8.583573341369629,1.0
0.1,67,7.430548667907715,1.0
0.1,68,7.051855087280273,1.0
0.1,69,6.957525253295898,1.0
0.1,70,7.593633651733398,0.949999988079071
0.1,71,10.453502655029297,1.0
0.1,72,7.33336067199707,1.0
0.1,73,9.672341346740723,1.0
0.1,74,10.236807823181152,1.0
0.1,75,9.01180648803711,1.0
0.1,76,8.127799034118652,1.0
0.1,77,8.165459632873535,1.0
0.1,78,8.444269180297852,1.0
0.1,79,7.02098274230957,1.0
0.1,80,7.608911991119385,1.0
0.1,81,8.007936477661133,1.0
0.1,82,7.006237983703613,1.0
0.1,83,8.246883392333984,1.0
0.1,84,8.59560775756836,1.0
0.1,85,7.522417068481445,1.0
0.1,86,7.2389445304870605,1.0
0.1,87,7.621829986572266,1.0
0.1,88,6.949070453643799,1.0
0.1,89,8.7254638671875,1.0
0.1,90,10.115221977233887,1.0
0.1,91,5.913064479827881,1.0
0.1,92,7.38134241104126,1.0
0.1,93,8.745759963989258,1.0
0.1,94,6.3232245445251465,0.949999988079071
0.1,95,7.414455413818359,1.0
0.1,96,6.546544075012207,1.0
0.1,97,9.474783897399902,1.0
0.1,98,8.246393203735352,1.0
0.1,99,6.698740482330322,1.0
0.25,0,7.491185665130615,1.0
0.25,1,8.911827087402344,1.0
0.25,2,7.688140869140625,1.0
0.25,3,8.41467571258545,1.0
0.25,4,6.344686985015869,1.0
0.25,5,7.809614658355713,1.0
0.25,6,10.980048179626465,1.0
0.25,7,7.410447597503662,1.0
0.25,8,8.681276321411133,1.0
0.25,9,8.246006965637207,1.0
0.25,10,8.279440879821777,1.0
0.25,11,8.007153511047363,1.0
0.25,12,8.57086181640625,1.0
0.25,13,8.928980827331543,1.0
0.25,14,8.6029052734375,1.0
0.25,15,10.085298538208008,1.0
0.25,16,8.745719909667969,1.0
0.25,17,6.84065055847168,1.0
0.25,18,7.512192726135254,1.0
0.25,19,8.892026901245117,1.0
0.25,20,7.92194938659668,1.0
0.25,21,8.917303085327148,1.0
0.25,22,8.76735782623291,1.0
0.25,23,7.689260482788086,1.0
0.25,24,7.397033214569092,1.0
0.25,25,9.755674362182617,1.0
0.25,26,7.387479305267334,1.0
0.25,27,9.181780815124512,1.0
0.25,28,7.253105640411377,1.0
0.25,29,7.817416667938232,1.0
0.25,30,7.621218204498291,1.0
0.25,31,9.604574203491211,1.0
0.25,32,8.287238121032715,1.0
0.25,33,8.03730297088623,1.0
0.25,34,9.698098182678223,1.0
0.25,35,8.82540512084961,1.0
0.25,36,7.57552433013916,1.0
0.25,37,7.010373115539551,1.0
0.25,38,7.6981987953186035,1.0
0.25,39,8.276395797729492,1.0
0.25,40,7.417220592498779,1.0
0.25,41,6.702376842498779,1.0
0.25,42,7.51890754699707,1.0
0.25,43,7.30927848815918,1.0
0.25,44,7.155088424682617,1.0
0.25,45,9.541861534118652,1.0
0.25,46,8.852288246154785,1.0
0.25,47,9.909732818603516,1.0
0.25,48,8.738635063171387,1.0
0.25,49,9.2993803024292,1.0
0.25,50,10.206742286682129,1.0
0.25,51,9.065185546875,1.0
0.25,52,8.827863693237305,1.0
0.25,53,10.95637035369873,1.0
0.25,54,9.412430763244629,1.0
0.25,55,8.822136878967285,1.0
0.25,56,10.650495529174805,1.0
0.25,57,9.226365089416504,1.0
0.25,58,7.941414833068848,1.0
0.25,59,8.368432998657227,1.0
0.25,60,8.5549898147583,1.0
0.25,61,8.392745018005371,1.0
0.25,62,8.083248138427734,1.0
0.25,63,9.484297752380371,0.949999988079071
0.25,64,9.75566291809082,1.0
0.25,65,8.654703140258789,1.0
0.25,66,9.393122673034668,1.0
0.25,67,7.845914840698242,1.0
0.25,68,8.285244941711426,1.0
0.25,69,6.637993812561035,1.0
0.25,70,8.590302467346191,1.0
0.25,71,11.048672676086426,1.0
0.25,72,9.437746047973633,1.0
0.25,73,9.906901359558105,1.0
0.25,74,9.675984382629395,1.0
0.25,75,8.754056930541992,1.0
0.25,76,8.781929016113281,1.0
0.25,77,10.95577335357666,1.0
0.25,78,8.729255676269531,1.0
0.25,79,8.039739608764648,1.0
0.25,80,8.206543922424316,1.0
0.25,81,9.722167015075684,1.0
0.25,82,7.675130844116211,1.0
0.25,83,9.143455505371094,1.0
0.25,84,9.6733980178833,1.0
0.25,85,7.30604362487793,1.0
0.25,86,9.142757415771484,1.0
0.25,87,8.617977142333984,1.0
0.25,88,8.077655792236328,1.0
0.25,89,8.72042179107666,1.0
0.25,90,9.873848915100098,1.0
0.25,91,6.188439846038818,1.0
0.25,92,9.774832725524902,1.0
0.25,93,9.543082237243652,1.0
0.25,94,7.151113033294678,0.949999988079071
0.25,95,8.885366439819336,1.0
0.25,96,7.234198093414307,1.0
0.25,97,8.87348747253418,1.0
0.25,98,9.125075340270996,1.0
0.25,99,8.217208862304688,1.0
0.5,0,9.65611457824707,1.0
0.5,1,10.78862476348877,1.0
0.5,2,8.674068450927734,1.0
0.5,3,9.300079345703125,1.0
0.5,4,6.665234565734863,1.0
0.5,5,7.810652732849121,1.0
0.5,6,9.715005874633789,1.0
0.5,7,8.15828800201416,1.0
0.5,8,10.186054229736328,1.0
0.5,9,9.439762115478516,1.0
0.5,10,8.243365287780762,1.0
0.5,11,10.507325172424316,1.0
0.5,12,8.859999656677246,1.0
0.5,13,9.173336029052734,1.0
0.5,14,9.877646446228027,1.0
0.5,15,10.673457145690918,1.0
0.5,16,9.023945808410645,1.0
0.5,17,8.434356689453125,1.0
0.5,18,8.209712028503418,1.0
0.5,19,9.603681564331055,1.0
0.5,20,8.579686164855957,1.0
0.5,21,9.298234939575195,1.0
0.5,22,9.934861183166504,1.0
0.5,23,7.937125205993652,1.0
0.5,24,8.706178665161133,1.0
0.5,25,9.298859596252441,1.0
0.5,26,9.726114273071289,1.0
0.5,27,9.94652271270752,1.0
0.5,28,9.389857292175293,1.0
0.5,29,9.34729290008545,1.0
0.5,30,8.88877010345459,1.0
0.5,31,9.168880462646484,1.0
0.5,32,10.220781326293945,1.0
0.5,33,9.910625457763672,1.0
0.5,34,9.370094299316406,1.0
0.5,35,9.899352073669434,1.0
0.5,36,9.280326843261719,1.0
0.5,37,8.79655647277832,1.0
0.5,38,10.59184455871582,1.0
0.5,39,10.527076721191406,1.0
0.5,40,7.5133280754089355,1.0
0.5,41,6.781339168548584,1.0
0.5,42,8.209541320800781,1.0
0.5,43,8.161602973937988,1.0
0.5,44,8.768527030944824,1.0
0.5,45,10.725519180297852,1.0
0.5,46,9.596811294555664,1.0
0.5,47,10.520502090454102,1.0
0.5,48,8.68635082244873,1.0
0.5,49,9.524585723876953,1.0
0.5,50,10.319005966186523,1.0
0.5,51,10.511305809020996,1.0
0.5,52,9.175684928894043,1.0
0.5,53,13.903636932373047,1.0
0.5,54,11.067615509033203,1.0
0.5,55,9.43636417388916,1.0
0.5,56,12.301734924316406,1.0
0.5,57,10.553768157958984,1.0
0.5,58,8.063852310180664,1.0
0.5,59,9.0488920211792,1.0
0.5,60,9.637890815734863,1.0
0.5,61,10.158616065979004,1.0
0.5,62,9.14082145690918,1.0
0.5,63,10.488192558288574,1.0
0.5,64,11.434980392456055,0.949999988079071
0.5,65,9.898941993713379,1.0
0.5,66,10.197456359863281,1.0
0.5,67,10.23227596282959,1.0
0.5,68,9.719873428344727,1.0
0.5,69,9.184918403625488,1.0
0.5,70,10.516100883483887,1.0
0.5,71,12.563483238220215,1.0
0.5,72,8.471497535705566,1.0
0.5,73,10.442610740661621,1.0
0.5,74,10.052375793457031,1.0
0.5,75,11.195154190063477,1.0
0.5,76,10.568706512451172,1.0
0.5,77,10.016875267028809,1.0
0.5,78,11.079720497131348,1.0
0.5,79,9.981193542480469,1.0
0.5,80,8.397056579589844,1.0
0.5,81,8.893531799316406,1.0
0.5,82,9.679791450500488,1.0
0.5,83,9.704395294189453,1.0
0.5,84,11.327385902404785,1.0
0.5,85,9.33627986907959,1.0
0.5,86,10.5991792678833,1.0
0.5,87,9.133800506591797,1.0
0.5,88,10.175357818603516,1.0
0.5,89,10.844123840332031,1.0
0.5,90,11.30140209197998,1.0
0.5,91,8.932573318481445,1.0
0.5,92,10.178152084350586,1.0
0.5,93,9.728177070617676,1.0
0.5,94,7.468454837799072,0.949999988079071
0.5,95,10.34358024597168,1.0
0.5,96,9.319808959960938,1.0
0.5,97,9.701346397399902,1.0
0.5,98,10.002766609191895,1.0
0.5,99,9.86396598815918,1.0
0.75,0,10.468091011047363,1.0
0.75,1,11.61089038848877,1.0
0.75,2,9.756660461425781,1.0
0.75,3,10.557429313659668,1.0
0.75,4,8.73535442352295,1.0
0.75,5,8.878173828125,1.0
0.75,6,11.845755577087402,1.0
0.75,7,9.400554656982422,1.0
0.75,8,10.863385200500488,1.0
0.75,9,9.526857376098633,1.0
0.75,10,10.211546897888184,1.0
0.75,11,11.157901763916016,1.0
0.75,12,10.930233001708984,1.0
0.75,13,12.77811336517334,1.0
0.75,14,9.843231201171875,1.0
0.75,15,11.803506851196289,1.0
0.75,16,8.539382934570312,1.0
0.75,17,9.48986530303955,1.0
0.75,18,10.236810684204102,1.0
0.75,19,10.815680503845215,1.0
0.75,20,11.810273170471191,1.0
0.75,21,12.315300941467285,1.0
0.75,22,11.038774490356445,1.0
0.75,23,8.99496841430664,1.0
0.75,24,9.33989429473877,1.0
0.75,25,11.323988914489746,1.0
0.75,26,9.945043563842773,1.0
0.75,27,8.76384449005127,1.0
0.75,28,10.501394271850586,1.0
0.75,29,10.784523963928223,1.0
0.75,30,9.37756633758545,1.0
0.75,31,12.445887565612793,1.0
0.75,32,11.388506889343262,1.0
0.75,33,11.523238182067871,1.0
0.75,34,11.078394889831543,1.0
0.75,35,10.817567825317383,1.0
0.75,36,9.196456909179688,1.0
0.75,37,8.393820762634277,1.0
0.75,38,9.717615127563477,1.0
0.75,39,10.073966026306152,1.0
0.75,40,8.02193546295166,1.0
0.75,41,9.085922241210938,1.0
0.75,42,8.899347305297852,1.0
0.75,43,9.751103401184082,1.0
0.75,44,9.5322265625,1.0
0.75,45,10.979387283325195,1.0
0.75,46,11.509134292602539,1.0
0.75,47,13.312642097473145,1.0
0.75,48,9.979389190673828,1.0
0.75,49,9.378229141235352,1.0
0.75,50,10.719940185546875,1.0
0.75,51,11.088509559631348,1.0
0.75,52,9.953824996948242,1.0
0.75,53,11.143637657165527,1.0
0.75,54,12.762974739074707,1.0
0.75,55,12.052030563354492,1.0
0.75,56,13.659052848815918,1.0
0.75,57,12.276877403259277,1.0
0.75,58,10.229331016540527,1.0
0.75,59,12.729982376098633,1.0
0.75,60,10.805525779724121,1.0
0.75,61,11.059590339660645,1.0
0.75,62,8.862340927124023,1.0
0.75,63,12.53647518157959,1.0
0.75,64,12.258825302124023,0.949999988079071
0.75,65,12.36223316192627,1.0
0.75,66,11.140077590942383,1.0
0.75,67,11.246881484985352,1.0
0.75,68,10.448860168457031,1.0
0.75,69,9.478923797607422,1.0
0.75,70,11.704731941223145,1.0
0.75,71,12.600739479064941,1.0
0.75,72,10.57352352142334,1.0
0.75,73,12.59093189239502,1.0
0.75,74,10.587060928344727,1.0
0.75,75,10.695517539978027,1.0
0.75,76,11.521663665771484,1.0
0.75,77,11.718259811401367,1.0
0.75,78,12.226900100708008,1.0
0.75,79,11.497553825378418,1.0
0.75,80,11.343470573425293,1.0
0.75,81,10.754429817199707,1.0
0.75,82,9.640231132507324,1.0
0.75,83,11.053838729858398,1.0
0.75,84,12.31216049194336,1.0
0.75,85,9.386058807373047,1.0
0.75,86,11.2501859664917,1.0
0.75,87,12.141203880310059,1.0
0.75,88,10.887628555297852,1.0
0.75,89,11.127310752868652,1.0
0.75,90,13.410079956054688,1.0
0.75,91,9.350749969482422,1.0
0.75,92,11.591182708740234,1.0
0.75,93,10.901813507080078,1.0
0.75,94,8.020255088806152,0.949999988079071
0.75,95,9.283553123474121,1.0
0.75,96,9.577634811401367,1.0
0.75,97,12.074492454528809,1.0
0.75,98,11.14429759979248,1.0
0.75,99,10.469551086425781,1.0
