instance,method,exact_cost,method_cost,optimality_gap_percent,method_seconds,mip_seconds,mip_success,mip_gap
0,nearest,3.286250129342079,3.795402839779854,15.493425344945045,0.00018519999999977443,2.8007333,True,0.0
0,regret,3.286250129342079,3.286250129342079,0.0,0.001422699999999999,2.8007333,True,0.0
0,local_search,3.286250129342079,3.286250129342079,0.0,0.0016141000000002848,2.8007333,True,0.0
0,tabu,3.286250129342079,3.286250129342079,0.0,0.0019642000000006377,2.8007333,True,0.0
0,alns,3.286250129342079,3.286250129342079,0.0,0.05116720000000008,2.8007333,True,0.0
0,ortools,3.286250129342079,3.286250129342079,0.0,0.25756599999999974,2.8007333,True,0.0
1,nearest,3.470851883292198,4.472682639956474,28.864117235507393,0.0002651000000000181,0.3125430000000007,True,0.0
1,regret,3.470851883292198,3.6876503974199295,6.246262341857478,0.003068900000000596,0.3125430000000007,True,0.0
1,local_search,3.470851883292198,3.6876503974199295,6.246262341857478,0.0018508000000005964,0.3125430000000007,True,0.0
1,tabu,3.470851883292198,3.6876503974199295,6.246262341857478,0.002215800000000101,0.3125430000000007,True,0.0
1,alns,3.470851883292198,3.6161880046129227,4.187332856822157,0.049571100000000534,0.3125430000000007,True,0.0
1,ortools,3.470851883292198,3.470851883292198,0.0,0.2517637000000006,0.3125430000000007,True,0.0
2,nearest,2.601411186158657,3.3299187049269676,28.004320218367805,0.000234400000000079,0.15298549999999977,True,0.0
2,regret,2.601411186158657,2.601411186158657,0.0,0.0027906999999993687,0.15298549999999977,True,0.0
2,local_search,2.601411186158657,2.601411186158657,0.0,0.003927400000000247,0.15298549999999977,True,0.0
2,tabu,2.601411186158657,2.601411186158657,0.0,0.0036781000000001285,0.15298549999999977,True,0.0
2,alns,2.601411186158657,2.601411186158657,0.0,0.09820519999999977,0.15298549999999977,True,0.0
2,ortools,2.601411186158657,2.601411186158657,0.0,0.2509426999999995,0.15298549999999977,True,0.0
3,nearest,2.4201649725437164,3.258702829480171,34.647962698803504,0.00018319999999949488,0.21414169999999988,True,0.0
3,regret,2.4201649725437164,2.427509166300297,0.3034583939482971,0.0017935999999991736,0.21414169999999988,True,0.0
3,local_search,2.4201649725437164,2.4201649725437164,0.0,0.0027455000000005114,0.21414169999999988,True,0.0
3,tabu,2.4201649725437164,2.4201649725437164,0.0,0.0031303999999998666,0.21414169999999988,True,0.0
3,alns,2.4201649725437164,2.4201649725437164,0.0,0.1113489999999997,0.21414169999999988,True,0.0
3,ortools,2.4201649725437164,2.4201649725437164,0.0,0.25097600000000053,0.21414169999999988,True,0.0
4,nearest,3.6719850897788997,3.848644733428955,4.811012009329607,0.0001756999999997788,1.9882403000000002,True,0.0
4,regret,3.6719850897788997,3.7320560216903687,1.6359252677435654,0.0014476999999999407,1.9882403000000002,True,0.0
4,local_search,3.6719850897788997,3.7320560216903687,1.6359252677435654,0.0015841000000005323,1.9882403000000002,True,0.0
4,tabu,3.6719850897788997,3.7320560216903687,1.6359252677435654,0.0020694999999992802,1.9882403000000002,True,0.0
4,alns,3.6719850897788997,3.7320560216903687,1.6359252677435654,0.05129160000000077,1.9882403000000002,True,0.0
4,ortools,3.6719850897788997,3.6719850897789,2.220446049250313e-14,0.2520724999999988,1.9882403000000002,True,0.0
5,nearest,3.09597048163414,3.1799973845481873,2.7140731286848574,0.0001838000000002893,0.2690677000000008,True,0.0
5,regret,3.09597048163414,3.09597048163414,0.0,0.0016383000000015358,0.2690677000000008,True,0.0
5,local_search,3.09597048163414,3.09597048163414,0.0,0.0031309000000003806,0.2690677000000008,True,0.0
5,tabu,3.09597048163414,3.09597048163414,0.0,0.0034562999999998567,0.2690677000000008,True,0.0
5,alns,3.09597048163414,3.09597048163414,0.0,0.06172530000000087,0.2690677000000008,True,0.0
5,ortools,3.09597048163414,3.09597048163414,0.0,0.25094750000000055,0.2690677000000008,True,0.0
6,nearest,2.9483486562967296,3.7472013235092163,27.09491855742343,0.00017309999999959302,0.6387456999999994,True,0.0
6,regret,2.9483486562967296,2.94834865629673,2.220446049250313e-14,0.0014396999999988225,0.6387456999999994,True,0.0
6,local_search,2.9483486562967296,2.94834865629673,2.220446049250313e-14,0.0016230000000003741,0.6387456999999994,True,0.0
6,tabu,2.9483486562967296,2.94834865629673,2.220446049250313e-14,0.0020396999999992005,0.6387456999999994,True,0.0
6,alns,2.9483486562967296,2.94834865629673,2.220446049250313e-14,0.06264889999999923,0.6387456999999994,True,0.0
6,ortools,2.9483486562967296,2.94834865629673,2.220446049250313e-14,0.25170340000000024,0.6387456999999994,True,0.0
7,nearest,2.963059440255165,3.2089090049266815,8.297152643361926,0.00018389999999968154,0.787566,True,0.0
7,regret,2.963059440255165,3.7327958792448044,25.977758951853946,0.001525900000000746,0.787566,True,0.0
7,local_search,2.963059440255165,3.7327958792448044,25.977758951853946,0.0017324999999992485,0.787566,True,0.0
7,tabu,2.963059440255165,2.992807239294052,1.003955527680045,0.004223699999998942,0.787566,True,0.0
7,alns,2.963059440255165,2.963059440255165,0.0,0.033365800000000334,0.787566,True,0.0
7,ortools,2.963059440255165,2.963059440255165,0.0,0.2513001999999993,0.787566,True,0.0
8,nearest,2.418457541614771,2.612338174134493,8.016706069202705,0.0005095000000014949,0.5688236999999994,True,0.0
8,regret,2.418457541614771,3.2568060643970966,34.6645954438618,0.0029364000000011714,0.5688236999999994,True,0.0
8,local_search,2.418457541614771,3.2568060643970966,34.6645954438618,0.001932599999999951,0.5688236999999994,True,0.0
8,tabu,2.418457541614771,3.2568060643970966,34.6645954438618,0.002283000000000257,0.5688236999999994,True,0.0
8,alns,2.418457541614771,2.418457541614771,0.0,0.060665500000000705,0.5688236999999994,True,0.0
8,ortools,2.418457541614771,2.418457541614771,0.0,0.25149139999999903,0.5688236999999994,True,0.0
9,nearest,3.2088877968490124,3.4858125559985638,8.629929641711986,0.0001823000000005237,0.23371030000000026,True,0.0
9,regret,3.2088877968490124,3.483791958540678,8.566960862938533,0.0013494999999998925,0.23371030000000026,True,0.0
9,local_search,3.2088877968490124,3.483791958540678,8.566960862938533,0.0014880999999995481,0.23371030000000026,True,0.0
9,tabu,3.2088877968490124,3.483791958540678,8.566960862938533,0.0018606000000005452,0.23371030000000026,True,0.0
9,alns,3.2088877968490124,3.483791958540678,8.566960862938533,0.030532400000000237,0.23371030000000026,True,0.0
9,ortools,3.2088877968490124,3.2088877968490124,0.0,0.2510122999999993,0.23371030000000026,True,0.0
10,nearest,2.518849030137062,2.836623042821884,12.615841953319862,0.0003798000000010404,0.2472607,True,0.0
10,regret,2.518849030137062,2.6869263499975204,6.672782602271021,0.0031487999999999516,0.2472607,True,0.0
10,local_search,2.518849030137062,2.518849030137062,0.0,0.00418510000000083,0.2472607,True,0.0
10,tabu,2.518849030137062,2.518849030137062,0.0,0.004776500000000183,0.2472607,True,0.0
10,alns,2.518849030137062,2.518849030137062,0.0,0.07394129999999954,0.2472607,True,0.0
10,ortools,2.518849030137062,2.518849030137062,0.0,0.25142119999999935,0.2472607,True,0.0
11,nearest,3.129752039909363,3.4012430608272552,8.674521733860896,0.00022039999999989845,1.4575806999999994,True,0.0
11,regret,3.129752039909363,3.3286007195711136,6.353496287441018,0.0018340999999999497,1.4575806999999994,True,0.0
11,local_search,3.129752039909363,3.3286007195711136,6.353496287441018,0.0038960000000010098,1.4575806999999994,True,0.0
11,tabu,3.129752039909363,3.3286007195711136,6.353496287441018,0.0021076000000004314,1.4575806999999994,True,0.0
11,alns,3.129752039909363,3.3286007195711136,6.353496287441018,0.031963100000000466,1.4575806999999994,True,0.0
11,ortools,3.129752039909363,3.129752039909363,0.0,0.25273719999999855,1.4575806999999994,True,0.0
12,nearest,3.2829845100641246,3.6519191712141037,11.23778257311281,0.00018320000000038306,0.21257020000000004,True,0.0
12,regret,3.2829845100641246,3.6519191712141037,11.23778257311281,0.0017423000000000854,0.21257020000000004,True,0.0
12,local_search,3.2829845100641246,3.6519191712141037,11.23778257311281,0.001959299999999331,0.21257020000000004,True,0.0
12,tabu,3.2829845100641246,3.416344314813614,4.062151506979994,0.003916500000000767,0.21257020000000004,True,0.0
12,alns,3.2829845100641246,3.416344314813614,4.062151506979994,0.03332239999999942,0.21257020000000004,True,0.0
12,ortools,3.2829845100641246,3.282984510064125,2.220446049250313e-14,0.2510382999999994,0.21257020000000004,True,0.0
13,nearest,3.871978312730789,4.597949832677841,18.74936947761585,0.00018400000000085015,0.3504938000000024,True,0.0
13,regret,3.871978312730789,3.953821212053299,2.113723081904051,0.0016587999999977399,0.3504938000000024,True,0.0
13,local_search,3.871978312730789,3.953821212053299,2.113723081904051,0.0020732999999992785,0.3504938000000024,True,0.0
13,tabu,3.871978312730789,3.953821212053299,2.113723081904051,0.003566200000001629,0.3504938000000024,True,0.0
13,alns,3.871978312730789,3.953821212053299,2.113723081904051,0.06660099999999858,0.3504938000000024,True,0.0
13,ortools,3.871978312730789,3.871978312730789,0.0,0.25124230000000125,0.3504938000000024,True,0.0
14,nearest,2.8680002242326736,3.1561258286237717,10.046219730271645,0.0001866000000028123,0.268624599999999,True,0.0
14,regret,2.8680002242326736,2.8680002242326736,0.0,0.0016503000000014367,0.268624599999999,True,0.0
14,local_search,2.8680002242326736,2.8680002242326736,0.0,0.0019770000000001176,0.268624599999999,True,0.0
14,tabu,2.8680002242326736,2.8680002242326736,0.0,0.002328399999999675,0.268624599999999,True,0.0
14,alns,2.8680002242326736,2.8680002242326736,0.0,0.05292659999999927,0.268624599999999,True,0.0
14,ortools,2.8680002242326736,2.8680002242326736,0.0,0.2511916999999997,0.268624599999999,True,0.0
15,nearest,3.9404908493161197,5.3935961201786995,36.876250356342524,0.0001718999999980042,0.8073669999999993,True,0.0
15,regret,3.9404908493161197,4.4077721163630486,11.858453297208559,0.0011766999999984762,0.8073669999999993,True,0.0
15,local_search,3.9404908493161197,4.4077721163630486,11.858453297208559,0.0013232000000016342,0.8073669999999993,True,0.0
15,tabu,3.9404908493161197,4.273080222308636,8.440303142696992,0.002652099999998825,0.8073669999999993,True,0.0
15,alns,3.9404908493161197,4.273080222308636,8.440303142696992,0.03808749999999961,0.8073669999999993,True,0.0
15,ortools,3.9404908493161197,4.132690958678722,4.8775677120519,0.25097029999999876,0.8073669999999993,True,0.0
16,nearest,3.3761533200740814,3.9124128222465515,15.883742571285332,0.00018389999999968154,0.19337780000000038,True,0.0
16,regret,3.3761533200740814,3.3761533200740814,0.0,0.0016503000000014367,0.19337780000000038,True,0.0
16,local_search,3.3761533200740814,3.3761533200740814,0.0,0.001973800000001802,0.19337780000000038,True,0.0
16,tabu,3.3761533200740814,3.3761533200740814,0.0,0.0023387000000028024,0.19337780000000038,True,0.0
16,alns,3.3761533200740814,3.3761533200740814,0.0,0.04855059999999867,0.19337780000000038,True,0.0
16,ortools,3.3761533200740814,3.3761533200740814,0.0,0.25111360000000005,0.19337780000000038,True,0.0
17,nearest,2.755508493632078,2.8942810259759426,5.036185976728613,0.00018009999999790693,0.9056667999999988,True,0.0
17,regret,2.755508493632078,2.755508493632078,0.0,0.0014481000000010624,0.9056667999999988,True,0.0
17,local_search,2.755508493632078,2.755508493632078,0.0,0.0015919999999987056,0.9056667999999988,True,0.0
17,tabu,2.755508493632078,2.755508493632078,0.0,0.002075800000000072,0.9056667999999988,True,0.0
17,alns,2.755508493632078,2.755508493632078,0.0,0.04320629999999781,0.9056667999999988,True,0.0
17,ortools,2.755508493632078,2.755508493632078,0.0,0.2508359999999996,0.9056667999999988,True,0.0
18,nearest,2.98923409730196,3.2354959324002266,8.23829205349087,0.00020569999999864308,0.20429260000000227,True,0.0
18,regret,2.98923409730196,3.443459950387478,15.195392475132529,0.0014175999999999078,0.20429260000000227,True,0.0
18,local_search,2.98923409730196,3.441502146422863,15.129897304768258,0.0018223000000006095,0.20429260000000227,True,0.0
18,tabu,2.98923409730196,3.0124377384781837,0.776240348561763,0.0028845999999980165,0.20429260000000227,True,0.0
18,alns,2.98923409730196,3.0124377384781837,0.776240348561763,0.04101089999999985,0.20429260000000227,True,0.0
18,ortools,2.98923409730196,2.98923409730196,0.0,0.2510986000000024,0.20429260000000227,True,0.0
19,nearest,3.3402024656534177,4.275179639458656,27.991631747458644,0.00018650000000164368,0.25448920000000186,True,0.0
19,regret,3.3402024656534177,3.6058985590934753,7.954490668519454,0.0016673000000011484,0.25448920000000186,True,0.0
19,local_search,3.3402024656534177,3.4972903430461884,4.702944776793361,0.0022817000000010523,0.25448920000000186,True,0.0
19,tabu,3.3402024656534177,3.4972903430461884,4.702944776793361,0.002643800000001306,0.25448920000000186,True,0.0
19,alns,3.3402024656534177,3.4972903430461884,4.702944776793361,0.049183199999998095,0.25448920000000186,True,0.0
19,ortools,3.3402024656534177,3.3402024656534195,4.440892098500626e-14,0.2511448000000023,0.25448920000000186,True,0.0
