dynamic_rate,method,repetition,solve_time_100_s
0.1,DVNDA,1,0.3124659000000003
0.1,DVNDA,2,0.2967279000000005
0.1,DVNDA,3,0.29831390000000013
0.1,DVNDA,4,0.31065010000000015
0.1,DVNDA,5,0.28711849999999917
0.1,DVNDA,6,0.2904200000000001
0.1,DVNDA,7,0.29952179999999995
0.1,DVNDA,8,0.2853835
0.1,DVNDA,9,0.2883937000000003
0.1,DVNDA,10,0.28423160000000003
0.1,Shared-DVNDA,1,0.22109069999999953
0.1,Shared-DVNDA,2,0.20726789999999973
0.1,Shared-DVNDA,3,0.21273379999999964
0.1,Shared-DVNDA,4,0.21897029999999962
0.1,Shared-DVNDA,5,0.2778666999999997
0.1,Shared-DVNDA,6,0.28134189999999926
0.1,Shared-DVNDA,7,0.27316429999999947
0.1,Shared-DVNDA,8,0.21183689999999977
0.1,Shared-DVNDA,9,0.21116450000000064
0.1,Shared-DVNDA,10,0.21153060000000146
0.25,DVNDA,1,0.31439600000000034
0.25,DVNDA,2,0.29891259999999953
0.25,DVNDA,3,0.30250930000000054
0.25,DVNDA,4,0.29305190000000003
0.25,DVNDA,5,0.29972699999999897
0.25,DVNDA,6,0.3048826000000009
0.25,DVNDA,7,0.2855466
0.25,DVNDA,8,0.3074520000000014
0.25,DVNDA,9,0.3264554999999998
0.25,DVNDA,10,0.29795310000000086
0.25,Shared-DVNDA,1,0.20772239999999975
0.25,Shared-DVNDA,2,0.22664240000000113
0.25,Shared-DVNDA,3,0.23305470000000028
0.25,Shared-DVNDA,4,0.21234839999999977
0.25,Shared-DVNDA,5,0.2295095000000007
0.25,Shared-DVNDA,6,0.21513820000000017
0.25,Shared-DVNDA,7,0.2211224000000005
0.25,Shared-DVNDA,8,0.22405339999999896
0.25,Shared-DVNDA,9,0.2186054999999989
0.25,Shared-DVNDA,10,0.20921330000000005
0.5,DVNDA,1,0.314510799999999
0.5,DVNDA,2,0.30706400000000045
0.5,DVNDA,3,0.30439739999999915
0.5,DVNDA,4,0.3298140000000007
0.5,DVNDA,5,0.37151339999999955
0.5,DVNDA,6,0.384834699999999
0.5,DVNDA,7,0.3452508000000023
0.5,DVNDA,8,0.30462779999999867
0.5,DVNDA,9,0.31132630000000105
0.5,DVNDA,10,0.29557310000000214
0.5,Shared-DVNDA,1,0.21342879999999909
0.5,Shared-DVNDA,2,0.2114793999999982
0.5,Shared-DVNDA,3,0.2216339999999981
0.5,Shared-DVNDA,4,0.2013777999999995
0.5,Shared-DVNDA,5,0.24041210000000035
0.5,Shared-DVNDA,6,0.23872940000000042
0.5,Shared-DVNDA,7,0.20919829999999706
0.5,Shared-DVNDA,8,0.21813550000000248
0.5,Shared-DVNDA,9,0.20280539999999903
0.5,Shared-DVNDA,10,0.2083648999999994
0.75,DVNDA,1,0.2612444000000025
0.75,DVNDA,2,0.2698500000000017
0.75,DVNDA,3,0.2754308999999999
0.75,DVNDA,4,0.3067302000000005
0.75,DVNDA,5,0.26365729999999843
0.75,DVNDA,6,0.2709490999999993
0.75,DVNDA,7,0.266868800000001
0.75,DVNDA,8,0.2675549000000004
0.75,DVNDA,9,0.25595500000000015
0.75,DVNDA,10,0.27205179999999984
0.75,Shared-DVNDA,1,0.25425129999999996
0.75,Shared-DVNDA,2,0.2111434999999986
0.75,Shared-DVNDA,3,0.19935189999999992
0.75,Shared-DVNDA,4,0.21012349999999813
0.75,Shared-DVNDA,5,0.19153379999999842
0.75,Shared-DVNDA,6,0.19216369999999827
0.75,Shared-DVNDA,7,0.21000349999999912
0.75,Shared-DVNDA,8,0.18778439999999819
0.75,Shared-DVNDA,9,0.18810530000000014
0.75,Shared-DVNDA,10,0.20840419999999682
