dynamic_rate,pattern,method,instance,cost,qos_percent
0.1,Early,DVNDA,1,7.582302093505859,100.0
0.1,Early,DVNDA,2,8.996167182922363,100.0
0.1,Early,DVNDA,3,7.262824535369873,100.0
0.1,Early,DVNDA,4,9.106184005737305,100.0
0.1,Early,DVNDA,5,6.2320356369018555,100.0
0.1,Early,DVNDA,6,6.680226802825928,100.0
0.1,Early,DVNDA,7,9.682083129882812,100.0
0.1,Early,DVNDA,8,7.276669025421143,100.0
0.1,Early,DVNDA,9,8.775415420532227,100.0
0.1,Early,DVNDA,10,7.634953498840332,100.0
0.1,Early,DVNDA,11,8.777222633361816,100.0
0.1,Early,DVNDA,12,9.872823715209961,100.0
0.1,Early,DVNDA,13,8.812065124511719,100.0
0.1,Early,DVNDA,14,10.638493537902832,100.0
0.1,Early,DVNDA,15,5.938226699829102,100.0
0.1,Early,DVNDA,16,8.174932479858398,100.0
0.1,Early,DVNDA,17,9.15399169921875,100.0
0.1,Early,DVNDA,18,7.01091194152832,100.0
0.1,Early,DVNDA,19,7.85380220413208,100.0
0.1,Early,DVNDA,20,8.731207847595215,100.0
0.1,Early,DVNDA,21,7.925478935241699,100.0
0.1,Early,DVNDA,22,8.740124702453613,100.0
0.1,Early,DVNDA,23,8.867203712463379,100.0
0.1,Early,DVNDA,24,7.078147888183594,100.0
0.1,Early,DVNDA,25,7.782088279724121,100.0
0.1,Early,DVNDA,26,7.461308479309082,100.0
0.1,Early,DVNDA,27,11.102289199829102,100.0
0.1,Early,DVNDA,28,7.701725006103516,100.0
0.1,Early,DVNDA,29,9.257577896118164,100.0
0.1,Early,DVNDA,30,8.5452241897583,100.0
0.1,Early,DVNDA,31,7.962536334991455,100.0
0.1,Early,DVNDA,32,10.096090316772461,100.0
0.1,Early,DVNDA,33,7.995379447937012,100.0
0.1,Early,DVNDA,34,8.745933532714844,100.0
0.1,Early,DVNDA,35,9.830755233764648,100.0
0.1,Early,DVNDA,36,8.729168891906738,100.0
0.1,Early,DVNDA,37,7.305196762084961,100.0
0.1,Early,DVNDA,38,7.9424967765808105,100.0
0.1,Early,DVNDA,39,8.438960075378418,100.0
0.1,Early,DVNDA,40,7.540421962738037,100.0
0.1,Early,DVNDA,41,7.721044063568115,100.0
0.1,Early,DVNDA,42,6.754059314727783,100.0
0.1,Early,DVNDA,43,7.97371768951416,100.0
0.1,Early,DVNDA,44,7.507706165313721,100.0
0.1,Early,DVNDA,45,6.940031051635742,100.0
0.1,Early,DVNDA,46,8.245271682739258,100.0
0.1,Early,DVNDA,47,7.567488670349121,100.0
0.1,Early,DVNDA,48,9.155305862426758,100.0
0.1,Early,DVNDA,49,8.112927436828613,100.0
0.1,Early,DVNDA,50,9.401676177978516,100.0
0.1,Early,DVNDA,51,8.546453475952148,100.0
0.1,Early,DVNDA,52,8.40544605255127,100.0
0.1,Early,DVNDA,53,8.669992446899414,100.0
0.1,Early,DVNDA,54,9.55039119720459,100.0
0.1,Early,DVNDA,55,9.180322647094727,100.0
0.1,Early,DVNDA,56,9.683857917785645,100.0
0.1,Early,DVNDA,57,9.568422317504883,100.0
0.1,Early,DVNDA,58,8.857245445251465,100.0
0.1,Early,DVNDA,59,8.202269554138184,100.0
0.1,Early,DVNDA,60,9.332540512084961,100.0
0.1,Early,DVNDA,61,8.758517265319824,100.0
0.1,Early,DVNDA,62,7.995946884155273,100.0
0.1,Early,DVNDA,63,8.159299850463867,100.0
0.1,Early,DVNDA,64,9.024263381958008,94.9999988079071
0.1,Early,DVNDA,65,9.62369441986084,94.9999988079071
0.1,Early,DVNDA,66,9.949678421020508,100.0
0.1,Early,DVNDA,67,6.972253322601318,100.0
0.1,Early,DVNDA,68,10.38271713256836,100.0
0.1,Early,DVNDA,69,7.9856858253479,100.0
0.1,Early,DVNDA,70,6.627082824707031,100.0
0.1,Early,DVNDA,71,7.80283260345459,100.0
0.1,Early,DVNDA,72,11.52782154083252,100.0
0.1,Early,DVNDA,73,8.783102989196777,100.0
0.1,Early,DVNDA,74,8.866512298583984,100.0
0.1,Early,DVNDA,75,10.52050495147705,100.0
0.1,Early,DVNDA,76,9.020354270935059,100.0
0.1,Early,DVNDA,77,8.645288467407227,100.0
0.1,Early,DVNDA,78,10.124103546142578,100.0
0.1,Early,DVNDA,79,9.300006866455078,100.0
0.1,Early,DVNDA,80,9.008504867553711,100.0
0.1,Early,DVNDA,81,7.202201843261719,100.0
0.1,Early,DVNDA,82,9.270652770996094,100.0
0.1,Early,DVNDA,83,9.092416763305664,100.0
0.1,Early,DVNDA,84,9.58752727508545,100.0
0.1,Early,DVNDA,85,9.506413459777832,100.0
0.1,Early,DVNDA,86,7.840885639190674,100.0
0.1,Early,DVNDA,87,7.288995742797852,100.0
0.1,Early,DVNDA,88,6.851377487182617,100.0
0.1,Early,DVNDA,89,8.410394668579102,100.0
0.1,Early,DVNDA,90,9.987372398376465,100.0
0.1,Early,DVNDA,91,10.973428726196289,100.0
0.1,Early,DVNDA,92,7.170398712158203,100.0
0.1,Early,DVNDA,93,9.21826171875,100.0
0.1,Early,DVNDA,94,8.959694862365723,100.0
0.1,Early,DVNDA,95,9.029034614562988,100.0
0.1,Early,DVNDA,96,8.163321495056152,100.0
0.1,Early,DVNDA,97,9.053930282592773,100.0
0.1,Early,DVNDA,98,8.807297706604004,100.0
0.1,Early,DVNDA,99,8.7603759765625,100.0
0.1,Early,DVNDA,100,8.188263893127441,100.0
0.1,Early,Greedy,1,9.546737670898438,100.0
0.1,Early,Greedy,2,9.094170570373535,100.0
0.1,Early,Greedy,3,7.673854351043701,100.0
0.1,Early,Greedy,4,11.289390563964844,100.0
0.1,Early,Greedy,5,7.738704204559326,100.0
0.1,Early,Greedy,6,7.823888301849365,94.9999988079071
0.1,Early,Greedy,7,9.436175346374512,100.0
0.1,Early,Greedy,8,7.844390869140625,100.0
0.1,Early,Greedy,9,9.002946853637695,100.0
0.1,Early,Greedy,10,8.668991088867188,100.0
0.1,Early,Greedy,11,8.540658950805664,100.0
0.1,Early,Greedy,12,10.18246078491211,100.0
0.1,Early,Greedy,13,7.969791889190674,100.0
0.1,Early,Greedy,14,9.234935760498047,100.0
0.1,Early,Greedy,15,8.162013053894043,100.0
0.1,Early,Greedy,16,9.63394832611084,100.0
0.1,Early,Greedy,17,8.47717571258545,100.0
0.1,Early,Greedy,18,8.544839859008789,100.0
0.1,Early,Greedy,19,9.137480735778809,100.0
0.1,Early,Greedy,20,9.07107162475586,100.0
0.1,Early,Greedy,21,7.919143199920654,100.0
0.1,Early,Greedy,22,8.727503776550293,100.0
0.1,Early,Greedy,23,10.42072868347168,100.0
0.1,Early,Greedy,24,7.457503318786621,100.0
0.1,Early,Greedy,25,6.816561698913574,100.0
0.1,Early,Greedy,26,8.325230598449707,100.0
0.1,Early,Greedy,27,10.696826934814453,100.0
0.1,Early,Greedy,28,8.4843168258667,100.0
0.1,Early,Greedy,29,9.41264533996582,100.0
0.1,Early,Greedy,30,8.975038528442383,100.0
0.1,Early,Greedy,31,8.24537181854248,100.0
0.1,Early,Greedy,32,9.20934009552002,100.0
0.1,Early,Greedy,33,7.394270896911621,100.0
0.1,Early,Greedy,34,9.829452514648438,100.0
0.1,Early,Greedy,35,9.258259773254395,100.0
0.1,Early,Greedy,36,8.483990669250488,100.0
0.1,Early,Greedy,37,7.67446231842041,100.0
0.1,Early,Greedy,38,8.124832153320312,100.0
0.1,Early,Greedy,39,9.13789176940918,100.0
0.1,Early,Greedy,40,10.44482421875,100.0
0.1,Early,Greedy,41,8.892358779907227,100.0
0.1,Early,Greedy,42,8.803650856018066,100.0
0.1,Early,Greedy,43,7.721493721008301,100.0
0.1,Early,Greedy,44,8.314263343811035,100.0
0.1,Early,Greedy,45,6.878079414367676,100.0
0.1,Early,Greedy,46,10.504386901855469,100.0
0.1,Early,Greedy,47,6.661186218261719,100.0
0.1,Early,Greedy,48,9.95750904083252,100.0
0.1,Early,Greedy,49,10.385785102844238,100.0
0.1,Early,Greedy,50,9.098504066467285,100.0
0.1,Early,Greedy,51,10.645148277282715,100.0
0.1,Early,Greedy,52,9.690890312194824,100.0
0.1,Early,Greedy,53,10.01850700378418,100.0
0.1,Early,Greedy,54,10.386893272399902,100.0
0.1,Early,Greedy,55,9.047452926635742,100.0
0.1,Early,Greedy,56,8.808460235595703,100.0
0.1,Early,Greedy,57,10.58202075958252,100.0
0.1,Early,Greedy,58,9.028956413269043,100.0
0.1,Early,Greedy,59,9.081978797912598,100.0
0.1,Early,Greedy,60,10.706745147705078,100.0
0.1,Early,Greedy,61,8.185104370117188,100.0
0.1,Early,Greedy,62,8.528260231018066,94.9999988079071
0.1,Early,Greedy,63,8.41208553314209,100.0
0.1,Early,Greedy,64,9.306026458740234,94.9999988079071
0.1,Early,Greedy,65,10.184499740600586,94.9999988079071
0.1,Early,Greedy,66,11.43104076385498,100.0
0.1,Early,Greedy,67,8.927714347839355,100.0
0.1,Early,Greedy,68,9.933065414428711,100.0
0.1,Early,Greedy,69,7.951459884643555,100.0
0.1,Early,Greedy,70,9.556586265563965,100.0
0.1,Early,Greedy,71,9.070083618164062,100.0
0.1,Early,Greedy,72,10.444042205810547,100.0
0.1,Early,Greedy,73,8.355319023132324,100.0
0.1,Early,Greedy,74,9.57889175415039,100.0
0.1,Early,Greedy,75,10.69876766204834,100.0
0.1,Early,Greedy,76,10.048761367797852,100.0
0.1,Early,Greedy,77,7.598588466644287,100.0
0.1,Early,Greedy,78,10.31663990020752,100.0
0.1,Early,Greedy,79,10.304691314697266,100.0
0.1,Early,Greedy,80,8.662497520446777,100.0
0.1,Early,Greedy,81,9.626089096069336,100.0
0.1,Early,Greedy,82,8.80091381072998,100.0
0.1,Early,Greedy,83,7.558927536010742,100.0
0.1,Early,Greedy,84,8.672359466552734,100.0
0.1,Early,Greedy,85,9.05428409576416,100.0
0.1,Early,Greedy,86,9.28644847869873,100.0
0.1,Early,Greedy,87,9.99410629272461,100.0
0.1,Early,Greedy,88,9.32966423034668,100.0
0.1,Early,Greedy,89,9.145673751831055,100.0
0.1,Early,Greedy,90,8.835083961486816,100.0
0.1,Early,Greedy,91,10.371722221374512,94.9999988079071
0.1,Early,Greedy,92,8.654841423034668,100.0
0.1,Early,Greedy,93,9.851167678833008,100.0
0.1,Early,Greedy,94,9.936437606811523,100.0
0.1,Early,Greedy,95,6.552811145782471,89.99999761581421
0.1,Early,Greedy,96,8.14098834991455,100.0
0.1,Early,Greedy,97,9.39805793762207,100.0
0.1,Early,Greedy,98,8.531564712524414,100.0
0.1,Early,Greedy,99,8.452550888061523,100.0
0.1,Early,Greedy,100,8.403297424316406,100.0
0.1,Late,DVNDA,1,8.686513900756836,100.0
0.1,Late,DVNDA,2,8.996167182922363,100.0
0.1,Late,DVNDA,3,7.262824535369873,100.0
0.1,Late,DVNDA,4,9.106184005737305,100.0
0.1,Late,DVNDA,5,6.2320356369018555,100.0
0.1,Late,DVNDA,6,7.406713008880615,100.0
0.1,Late,DVNDA,7,8.723673820495605,100.0
0.1,Late,DVNDA,8,7.276669025421143,100.0
0.1,Late,DVNDA,9,9.712106704711914,100.0
0.1,Late,DVNDA,10,7.079184532165527,100.0
0.1,Late,DVNDA,11,8.777222633361816,100.0
0.1,Late,DVNDA,12,10.024218559265137,100.0
0.1,Late,DVNDA,13,8.897308349609375,100.0
0.1,Late,DVNDA,14,8.93388557434082,100.0
0.1,Late,DVNDA,15,6.812689304351807,100.0
0.1,Late,DVNDA,16,10.640115737915039,100.0
0.1,Late,DVNDA,17,7.661254405975342,100.0
0.1,Late,DVNDA,18,7.01091194152832,100.0
0.1,Late,DVNDA,19,7.935654640197754,100.0
0.1,Late,DVNDA,20,9.05803108215332,100.0
0.1,Late,DVNDA,21,8.472105026245117,100.0
0.1,Late,DVNDA,22,8.733682632446289,100.0
0.1,Late,DVNDA,23,9.237820625305176,100.0
0.1,Late,DVNDA,24,7.078147888183594,100.0
0.1,Late,DVNDA,25,8.114398002624512,100.0
0.1,Late,DVNDA,26,7.461308479309082,100.0
0.1,Late,DVNDA,27,11.102289199829102,100.0
0.1,Late,DVNDA,28,7.88582706451416,100.0
0.1,Late,DVNDA,29,9.504594802856445,100.0
0.1,Late,DVNDA,30,8.5452241897583,100.0
0.1,Late,DVNDA,31,8.804240226745605,100.0
0.1,Late,DVNDA,32,10.096090316772461,100.0
0.1,Late,DVNDA,33,7.71373987197876,100.0
0.1,Late,DVNDA,34,8.745933532714844,100.0
0.1,Late,DVNDA,35,9.830755233764648,100.0
0.1,Late,DVNDA,36,9.45149040222168,100.0
0.1,Late,DVNDA,37,7.305196762084961,100.0
0.1,Late,DVNDA,38,7.9424967765808105,100.0
0.1,Late,DVNDA,39,8.438960075378418,100.0
0.1,Late,DVNDA,40,7.540421962738037,100.0
0.1,Late,DVNDA,41,7.721044063568115,100.0
0.1,Late,DVNDA,42,6.694526672363281,100.0
0.1,Late,DVNDA,43,7.895378112792969,100.0
0.1,Late,DVNDA,44,7.507706165313721,100.0
0.1,Late,DVNDA,45,6.940031051635742,100.0
0.1,Late,DVNDA,46,8.245271682739258,100.0
0.1,Late,DVNDA,47,7.480673789978027,100.0
0.1,Late,DVNDA,48,9.155305862426758,100.0
0.1,Late,DVNDA,49,8.112926483154297,100.0
0.1,Late,DVNDA,50,9.401676177978516,100.0
0.1,Late,DVNDA,51,8.185318946838379,100.0
0.1,Late,DVNDA,52,8.40544605255127,100.0
0.1,Late,DVNDA,53,8.669992446899414,100.0
0.1,Late,DVNDA,54,9.55039119720459,100.0
0.1,Late,DVNDA,55,10.337165832519531,100.0
0.1,Late,DVNDA,56,9.683857917785645,100.0
0.1,Late,DVNDA,57,9.568422317504883,100.0
0.1,Late,DVNDA,58,7.322154998779297,100.0
0.1,Late,DVNDA,59,8.202269554138184,100.0
0.1,Late,DVNDA,60,9.332540512084961,100.0
0.1,Late,DVNDA,61,8.961286544799805,100.0
0.1,Late,DVNDA,62,7.995946884155273,100.0
0.1,Late,DVNDA,63,7.803442478179932,100.0
0.1,Late,DVNDA,64,8.79706859588623,94.9999988079071
0.1,Late,DVNDA,65,9.62369441986084,94.9999988079071
0.1,Late,DVNDA,66,9.949678421020508,100.0
0.1,Late,DVNDA,67,7.158925533294678,100.0
0.1,Late,DVNDA,68,10.38271713256836,100.0
0.1,Late,DVNDA,69,8.2588472366333,100.0
0.1,Late,DVNDA,70,6.627082824707031,100.0
0.1,Late,DVNDA,71,7.80283260345459,100.0
0.1,Late,DVNDA,72,10.861729621887207,100.0
0.1,Late,DVNDA,73,9.00351333618164,100.0
0.1,Late,DVNDA,74,8.866512298583984,100.0
0.1,Late,DVNDA,75,10.346848487854004,100.0
0.1,Late,DVNDA,76,9.020219802856445,100.0
0.1,Late,DVNDA,77,9.52498722076416,100.0
0.1,Late,DVNDA,78,10.124102592468262,100.0
0.1,Late,DVNDA,79,9.300006866455078,100.0
0.1,Late,DVNDA,80,9.008504867553711,100.0
0.1,Late,DVNDA,81,7.109947204589844,100.0
0.1,Late,DVNDA,82,9.270652770996094,100.0
0.1,Late,DVNDA,83,9.092416763305664,100.0
0.1,Late,DVNDA,84,9.58752727508545,100.0
0.1,Late,DVNDA,85,9.891217231750488,100.0
0.1,Late,DVNDA,86,7.620744228363037,100.0
0.1,Late,DVNDA,87,8.416938781738281,100.0
0.1,Late,DVNDA,88,7.0225324630737305,100.0
0.1,Late,DVNDA,89,8.960741996765137,100.0
0.1,Late,DVNDA,90,9.987372398376465,100.0
0.1,Late,DVNDA,91,10.973428726196289,100.0
0.1,Late,DVNDA,92,7.204012393951416,100.0
0.1,Late,DVNDA,93,10.076872825622559,100.0
0.1,Late,DVNDA,94,8.959694862365723,100.0
0.1,Late,DVNDA,95,7.7964701652526855,94.9999988079071
0.1,Late,DVNDA,96,8.163321495056152,100.0
0.1,Late,DVNDA,97,9.268820762634277,100.0
0.1,Late,DVNDA,98,8.224114418029785,100.0
0.1,Late,DVNDA,99,9.731669425964355,100.0
0.1,Late,DVNDA,100,8.475645065307617,100.0
0.1,Late,Greedy,1,10.01696491241455,100.0
0.1,Late,Greedy,2,9.094170570373535,100.0
0.1,Late,Greedy,3,8.226825714111328,100.0
0.1,Late,Greedy,4,11.289390563964844,100.0
0.1,Late,Greedy,5,7.738704204559326,100.0
0.1,Late,Greedy,6,7.530354022979736,94.9999988079071
0.1,Late,Greedy,7,9.436175346374512,100.0
0.1,Late,Greedy,8,7.844390869140625,100.0
0.1,Late,Greedy,9,9.119576454162598,100.0
0.1,Late,Greedy,10,8.05380916595459,100.0
0.1,Late,Greedy,11,8.540658950805664,100.0
0.1,Late,Greedy,12,10.311476707458496,100.0
0.1,Late,Greedy,13,7.969791889190674,100.0
0.1,Late,Greedy,14,9.602444648742676,100.0
0.1,Late,Greedy,15,7.795330047607422,100.0
0.1,Late,Greedy,16,9.172372817993164,100.0
0.1,Late,Greedy,17,8.601794242858887,100.0
0.1,Late,Greedy,18,8.544839859008789,100.0
0.1,Late,Greedy,19,9.779424667358398,100.0
0.1,Late,Greedy,20,10.178180694580078,100.0
0.1,Late,Greedy,21,8.464364051818848,100.0
0.1,Late,Greedy,22,8.763160705566406,100.0
0.1,Late,Greedy,23,9.447996139526367,100.0
0.1,Late,Greedy,24,7.457503318786621,100.0
0.1,Late,Greedy,25,7.668022155761719,100.0
0.1,Late,Greedy,26,8.325230598449707,100.0
0.1,Late,Greedy,27,10.696826934814453,100.0
0.1,Late,Greedy,28,8.699299812316895,100.0
0.1,Late,Greedy,29,10.518682479858398,100.0
0.1,Late,Greedy,30,8.975038528442383,100.0
0.1,Late,Greedy,31,9.121073722839355,100.0
0.1,Late,Greedy,32,9.793037414550781,100.0
0.1,Late,Greedy,33,7.956756114959717,100.0
0.1,Late,Greedy,34,9.829452514648438,100.0
0.1,Late,Greedy,35,9.258259773254395,100.0
0.1,Late,Greedy,36,8.78421688079834,100.0
0.1,Late,Greedy,37,7.604434490203857,100.0
0.1,Late,Greedy,38,8.124832153320312,100.0
0.1,Late,Greedy,39,9.13789176940918,100.0
0.1,Late,Greedy,40,10.44482421875,100.0
0.1,Late,Greedy,41,8.892358779907227,100.0
0.1,Late,Greedy,42,8.803650856018066,100.0
0.1,Late,Greedy,43,7.721493721008301,100.0
0.1,Late,Greedy,44,8.314263343811035,100.0
0.1,Late,Greedy,45,6.878079414367676,100.0
0.1,Late,Greedy,46,10.504386901855469,100.0
0.1,Late,Greedy,47,6.856042861938477,100.0
0.1,Late,Greedy,48,9.95750904083252,100.0
0.1,Late,Greedy,49,10.586403846740723,100.0
0.1,Late,Greedy,50,8.991154670715332,100.0
0.1,Late,Greedy,51,10.645148277282715,100.0
0.1,Late,Greedy,52,9.596905708312988,100.0
0.1,Late,Greedy,53,9.546097755432129,100.0
0.1,Late,Greedy,54,10.386893272399902,100.0
0.1,Late,Greedy,55,10.399723052978516,100.0
0.1,Late,Greedy,56,8.808460235595703,100.0
0.1,Late,Greedy,57,10.58202075958252,100.0
0.1,Late,Greedy,58,9.028956413269043,100.0
0.1,Late,Greedy,59,9.081978797912598,100.0
0.1,Late,Greedy,60,10.719873428344727,100.0
0.1,Late,Greedy,61,8.999720573425293,100.0
0.1,Late,Greedy,62,9.322917938232422,100.0
0.1,Late,Greedy,63,8.586959838867188,100.0
0.1,Late,Greedy,64,9.859723091125488,94.9999988079071
0.1,Late,Greedy,65,10.184499740600586,94.9999988079071
0.1,Late,Greedy,66,10.821910858154297,100.0
0.1,Late,Greedy,67,8.800239562988281,100.0
0.1,Late,Greedy,68,9.933065414428711,100.0
0.1,Late,Greedy,69,7.898195266723633,100.0
0.1,Late,Greedy,70,9.556586265563965,100.0
0.1,Late,Greedy,71,9.070083618164062,100.0
0.1,Late,Greedy,72,10.205952644348145,100.0
0.1,Late,Greedy,73,10.64861011505127,100.0
0.1,Late,Greedy,74,9.57889175415039,100.0
0.1,Late,Greedy,75,10.48120403289795,100.0
0.1,Late,Greedy,76,10.258261680603027,100.0
0.1,Late,Greedy,77,7.598588466644287,100.0
0.1,Late,Greedy,78,9.360055923461914,100.0
0.1,Late,Greedy,79,10.12874984741211,100.0
0.1,Late,Greedy,80,8.662497520446777,100.0
0.1,Late,Greedy,81,9.83128833770752,100.0
0.1,Late,Greedy,82,8.80091381072998,100.0
0.1,Late,Greedy,83,7.640619277954102,100.0
0.1,Late,Greedy,84,8.672359466552734,100.0
0.1,Late,Greedy,85,9.001367568969727,100.0
0.1,Late,Greedy,86,8.7650785446167,100.0
0.1,Late,Greedy,87,10.579124450683594,100.0
0.1,Late,Greedy,88,9.801582336425781,100.0
0.1,Late,Greedy,89,9.145673751831055,100.0
0.1,Late,Greedy,90,8.835083961486816,100.0
0.1,Late,Greedy,91,9.61691665649414,94.9999988079071
0.1,Late,Greedy,92,8.654841423034668,100.0
0.1,Late,Greedy,93,9.851167678833008,100.0
0.1,Late,Greedy,94,9.936437606811523,100.0
0.1,Late,Greedy,95,6.552811145782471,89.99999761581421
0.1,Late,Greedy,96,8.14098834991455,100.0
0.1,Late,Greedy,97,10.543840408325195,100.0
0.1,Late,Greedy,98,8.306719779968262,100.0
0.1,Late,Greedy,99,8.641136169433594,100.0
0.1,Late,Greedy,100,8.403297424316406,100.0
0.25,Early,DVNDA,1,10.68851089477539,100.0
0.25,Early,DVNDA,2,10.490323066711426,100.0
0.25,Early,DVNDA,3,9.25583553314209,100.0
0.25,Early,DVNDA,4,8.136238098144531,100.0
0.25,Early,DVNDA,5,5.668626308441162,100.0
0.25,Early,DVNDA,6,8.838240623474121,94.9999988079071
0.25,Early,DVNDA,7,9.656237602233887,100.0
0.25,Early,DVNDA,8,8.021354675292969,100.0
0.25,Early,DVNDA,9,10.228813171386719,100.0
0.25,Early,DVNDA,10,7.7060675621032715,100.0
0.25,Early,DVNDA,11,8.707171440124512,100.0
0.25,Early,DVNDA,12,8.982003211975098,100.0
0.25,Early,DVNDA,13,8.365239143371582,100.0
0.25,Early,DVNDA,14,10.743547439575195,100.0
0.25,Early,DVNDA,15,8.72788143157959,100.0
0.25,Early,DVNDA,16,9.821052551269531,100.0
0.25,Early,DVNDA,17,9.612208366394043,100.0
0.25,Early,DVNDA,18,8.815881729125977,100.0
0.25,Early,DVNDA,19,8.593587875366211,100.0
0.25,Early,DVNDA,20,10.23828125,100.0
0.25,Early,DVNDA,21,7.868501663208008,100.0
0.25,Early,DVNDA,22,8.901839256286621,100.0
0.25,Early,DVNDA,23,9.278874397277832,100.0
0.25,Early,DVNDA,24,8.459012985229492,100.0
0.25,Early,DVNDA,25,8.422403335571289,100.0
0.25,Early,DVNDA,26,7.691965103149414,100.0
0.25,Early,DVNDA,27,10.470756530761719,100.0
0.25,Early,DVNDA,28,9.085317611694336,100.0
0.25,Early,DVNDA,29,10.36347770690918,100.0
0.25,Early,DVNDA,30,8.385147094726562,100.0
0.25,Early,DVNDA,31,9.391570091247559,100.0
0.25,Early,DVNDA,32,10.418585777282715,100.0
0.25,Early,DVNDA,33,8.53322982788086,100.0
0.25,Early,DVNDA,34,10.175657272338867,100.0
0.25,Early,DVNDA,35,9.230351448059082,100.0
0.25,Early,DVNDA,36,8.60844898223877,100.0
0.25,Early,DVNDA,37,8.801240921020508,100.0
0.25,Early,DVNDA,38,8.05617904663086,100.0
0.25,Early,DVNDA,39,10.232438087463379,100.0
0.25,Early,DVNDA,40,8.539142608642578,100.0
0.25,Early,DVNDA,41,8.41286563873291,100.0
0.25,Early,DVNDA,42,8.106659889221191,100.0
0.25,Early,DVNDA,43,7.364767074584961,100.0
0.25,Early,DVNDA,44,8.443379402160645,100.0
0.25,Early,DVNDA,45,6.873355865478516,100.0
0.25,Early,DVNDA,46,8.475696563720703,100.0
0.25,Early,DVNDA,47,8.15843391418457,100.0
0.25,Early,DVNDA,48,11.068986892700195,100.0
0.25,Early,DVNDA,49,9.577376365661621,100.0
0.25,Early,DVNDA,50,10.64023208618164,100.0
0.25,Early,DVNDA,51,8.73945426940918,100.0
0.25,Early,DVNDA,52,9.593603134155273,100.0
0.25,Early,DVNDA,53,9.69302749633789,100.0
0.25,Early,DVNDA,54,10.949424743652344,100.0
0.25,Early,DVNDA,55,9.056472778320312,100.0
0.25,Early,DVNDA,56,9.455151557922363,100.0
0.25,Early,DVNDA,57,11.078638076782227,100.0
0.25,Early,DVNDA,58,10.297402381896973,100.0
0.25,Early,DVNDA,59,8.043947219848633,100.0
0.25,Early,DVNDA,60,8.936647415161133,100.0
0.25,Early,DVNDA,61,8.264206886291504,100.0
0.25,Early,DVNDA,62,8.403707504272461,100.0
0.25,Early,DVNDA,63,9.357891082763672,100.0
0.25,Early,DVNDA,64,9.886126518249512,100.0
0.25,Early,DVNDA,65,11.972296714782715,94.9999988079071
0.25,Early,DVNDA,66,9.897737503051758,100.0
0.25,Early,DVNDA,67,11.806208610534668,100.0
0.25,Early,DVNDA,68,10.56075382232666,100.0
0.25,Early,DVNDA,69,9.932821273803711,100.0
0.25,Early,DVNDA,70,7.705873012542725,100.0
0.25,Early,DVNDA,71,10.85185718536377,100.0
0.25,Early,DVNDA,72,11.97433090209961,100.0
0.25,Early,DVNDA,73,11.323034286499023,100.0
0.25,Early,DVNDA,74,9.006409645080566,100.0
0.25,Early,DVNDA,75,10.277490615844727,100.0
0.25,Early,DVNDA,76,9.598382949829102,100.0
0.25,Early,DVNDA,77,10.066518783569336,100.0
0.25,Early,DVNDA,78,11.080224990844727,100.0
0.25,Early,DVNDA,79,10.106369018554688,100.0
0.25,Early,DVNDA,80,10.036515235900879,100.0
0.25,Early,DVNDA,81,9.743659019470215,100.0
0.25,Early,DVNDA,82,10.295368194580078,100.0
0.25,Early,DVNDA,83,8.206671714782715,100.0
0.25,Early,DVNDA,84,8.627155303955078,100.0
0.25,Early,DVNDA,85,9.26333999633789,100.0
0.25,Early,DVNDA,86,9.145768165588379,100.0
0.25,Early,DVNDA,87,9.270586013793945,100.0
0.25,Early,DVNDA,88,7.403450012207031,100.0
0.25,Early,DVNDA,89,9.776396751403809,100.0
0.25,Early,DVNDA,90,10.858109474182129,100.0
0.25,Early,DVNDA,91,9.884215354919434,100.0
0.25,Early,DVNDA,92,8.168411254882812,100.0
0.25,Early,DVNDA,93,10.228689193725586,100.0
0.25,Early,DVNDA,94,9.315214157104492,100.0
0.25,Early,DVNDA,95,7.984809398651123,94.9999988079071
0.25,Early,DVNDA,96,8.163951873779297,100.0
0.25,Early,DVNDA,97,8.703325271606445,100.0
0.25,Early,DVNDA,98,10.64267349243164,100.0
0.25,Early,DVNDA,99,8.700142860412598,100.0
0.25,Early,DVNDA,100,9.659043312072754,100.0
0.25,Early,Greedy,1,12.105161666870117,100.0
0.25,Early,Greedy,2,9.712018966674805,100.0
0.25,Early,Greedy,3,9.020364761352539,100.0
0.25,Early,Greedy,4,10.077010154724121,100.0
0.25,Early,Greedy,5,9.17214298248291,100.0
0.25,Early,Greedy,6,8.622051239013672,94.9999988079071
0.25,Early,Greedy,7,11.499004364013672,100.0
0.25,Early,Greedy,8,8.21961498260498,100.0
0.25,Early,Greedy,9,9.370824813842773,100.0
0.25,Early,Greedy,10,8.573417663574219,100.0
0.25,Early,Greedy,11,8.565014839172363,100.0
0.25,Early,Greedy,12,9.745553970336914,100.0
0.25,Early,Greedy,13,9.22144603729248,100.0
0.25,Early,Greedy,14,10.248221397399902,100.0
0.25,Early,Greedy,15,9.419108390808105,100.0
0.25,Early,Greedy,16,10.243509292602539,100.0
0.25,Early,Greedy,17,7.142966270446777,94.9999988079071
0.25,Early,Greedy,18,8.025825500488281,100.0
0.25,Early,Greedy,19,9.76196575164795,100.0
0.25,Early,Greedy,20,9.50390625,100.0
0.25,Early,Greedy,21,8.434576034545898,100.0
0.25,Early,Greedy,22,9.160781860351562,100.0
0.25,Early,Greedy,23,10.27210807800293,100.0
0.25,Early,Greedy,24,9.784897804260254,100.0
0.25,Early,Greedy,25,7.963568210601807,100.0
0.25,Early,Greedy,26,9.17881965637207,100.0
0.25,Early,Greedy,27,10.171126365661621,100.0
0.25,Early,Greedy,28,10.779438972473145,100.0
0.25,Early,Greedy,29,10.573132514953613,100.0
0.25,Early,Greedy,30,9.612563133239746,100.0
0.25,Early,Greedy,31,9.039587020874023,100.0
0.25,Early,Greedy,32,10.338998794555664,100.0
0.25,Early,Greedy,33,8.143694877624512,100.0
0.25,Early,Greedy,34,10.139713287353516,100.0
0.25,Early,Greedy,35,8.978723526000977,100.0
0.25,Early,Greedy,36,7.825106620788574,100.0
0.25,Early,Greedy,37,8.690500259399414,100.0
0.25,Early,Greedy,38,8.751301765441895,100.0
0.25,Early,Greedy,39,10.354793548583984,100.0
0.25,Early,Greedy,40,11.297273635864258,100.0
0.25,Early,Greedy,41,9.135682106018066,100.0
0.25,Early,Greedy,42,9.369864463806152,100.0
0.25,Early,Greedy,43,8.730785369873047,100.0
0.25,Early,Greedy,44,8.429788589477539,100.0
0.25,Early,Greedy,45,6.438138484954834,100.0
0.25,Early,Greedy,46,10.356017112731934,100.0
0.25,Early,Greedy,47,7.158670902252197,100.0
0.25,Early,Greedy,48,10.937952041625977,100.0
0.25,Early,Greedy,49,10.767513275146484,100.0
0.25,Early,Greedy,50,10.008025169372559,100.0
0.25,Early,Greedy,51,11.425117492675781,100.0
0.25,Early,Greedy,52,10.724151611328125,100.0
0.25,Early,Greedy,53,10.843893051147461,100.0
0.25,Early,Greedy,54,10.554265975952148,100.0
0.25,Early,Greedy,55,10.237821578979492,100.0
0.25,Early,Greedy,56,8.659555435180664,100.0
0.25,Early,Greedy,57,10.072918891906738,100.0
0.25,Early,Greedy,58,9.212085723876953,100.0
0.25,Early,Greedy,59,9.001160621643066,100.0
0.25,Early,Greedy,60,11.790902137756348,100.0
0.25,Early,Greedy,61,8.828398704528809,100.0
0.25,Early,Greedy,62,9.644366264343262,100.0
0.25,Early,Greedy,63,10.362190246582031,100.0
0.25,Early,Greedy,64,9.734817504882812,94.9999988079071
0.25,Early,Greedy,65,9.377296447753906,94.9999988079071
0.25,Early,Greedy,66,12.690851211547852,100.0
0.25,Early,Greedy,67,10.883049011230469,100.0
0.25,Early,Greedy,68,11.665950775146484,100.0
0.25,Early,Greedy,69,8.482110023498535,100.0
0.25,Early,Greedy,70,9.581035614013672,100.0
0.25,Early,Greedy,71,7.860833644866943,94.9999988079071
0.25,Early,Greedy,72,12.253695487976074,100.0
0.25,Early,Greedy,73,12.677311897277832,100.0
0.25,Early,Greedy,74,9.028961181640625,100.0
0.25,Early,Greedy,75,10.7843656539917,100.0
0.25,Early,Greedy,76,10.17602252960205,100.0
0.25,Early,Greedy,77,9.083930969238281,100.0
0.25,Early,Greedy,78,10.643930435180664,100.0
0.25,Early,Greedy,79,8.736237525939941,100.0
0.25,Early,Greedy,80,8.968120574951172,100.0
0.25,Early,Greedy,81,10.780879020690918,100.0
0.25,Early,Greedy,82,10.800687789916992,100.0
0.25,Early,Greedy,83,8.809669494628906,100.0
0.25,Early,Greedy,84,9.961443901062012,100.0
0.25,Early,Greedy,85,9.667978286743164,100.0
0.25,Early,Greedy,86,9.218921661376953,100.0
0.25,Early,Greedy,87,10.259503364562988,100.0
0.25,Early,Greedy,88,9.599267959594727,100.0
0.25,Early,Greedy,89,8.803685188293457,100.0
0.25,Early,Greedy,90,9.838017463684082,100.0
0.25,Early,Greedy,91,10.910598754882812,94.9999988079071
0.25,Early,Greedy,92,7.735188961029053,100.0
0.25,Early,Greedy,93,10.995983123779297,100.0
0.25,Early,Greedy,94,10.637020111083984,100.0
0.25,Early,Greedy,95,7.960742950439453,94.9999988079071
0.25,Early,Greedy,96,9.007040023803711,100.0
0.25,Early,Greedy,97,9.2673978805542,100.0
0.25,Early,Greedy,98,8.563226699829102,100.0
0.25,Early,Greedy,99,9.590225219726562,100.0
0.25,Early,Greedy,100,10.14313793182373,100.0
0.25,Late,DVNDA,1,10.615884780883789,100.0
0.25,Late,DVNDA,2,10.145355224609375,100.0
0.25,Late,DVNDA,3,9.25583553314209,100.0
0.25,Late,DVNDA,4,8.15430736541748,100.0
0.25,Late,DVNDA,5,6.0185441970825195,100.0
0.25,Late,DVNDA,6,9.05837631225586,94.9999988079071
0.25,Late,DVNDA,7,9.978392601013184,100.0
0.25,Late,DVNDA,8,8.021353721618652,100.0
0.25,Late,DVNDA,9,9.646918296813965,100.0
0.25,Late,DVNDA,10,8.043183326721191,100.0
0.25,Late,DVNDA,11,8.707171440124512,100.0
0.25,Late,DVNDA,12,9.400733947753906,100.0
0.25,Late,DVNDA,13,8.283319473266602,100.0
0.25,Late,DVNDA,14,8.59384536743164,100.0
0.25,Late,DVNDA,15,8.996040344238281,100.0
0.25,Late,DVNDA,16,10.45477294921875,100.0
0.25,Late,DVNDA,17,8.036092758178711,100.0
0.25,Late,DVNDA,18,8.80805778503418,100.0
0.25,Late,DVNDA,19,8.05600357055664,100.0
0.25,Late,DVNDA,20,11.058889389038086,100.0
0.25,Late,DVNDA,21,8.522525787353516,100.0
0.25,Late,DVNDA,22,8.753203392028809,100.0
0.25,Late,DVNDA,23,8.37363338470459,100.0
0.25,Late,DVNDA,24,8.459012985229492,100.0
0.25,Late,DVNDA,25,8.422403335571289,100.0
0.25,Late,DVNDA,26,7.691965103149414,100.0
0.25,Late,DVNDA,27,10.076807975769043,100.0
0.25,Late,DVNDA,28,8.834307670593262,100.0
0.25,Late,DVNDA,29,11.085247039794922,100.0
0.25,Late,DVNDA,30,7.633938789367676,100.0
0.25,Late,DVNDA,31,10.174692153930664,100.0
0.25,Late,DVNDA,32,10.842185020446777,100.0
0.25,Late,DVNDA,33,8.140790939331055,100.0
0.25,Late,DVNDA,34,9.626571655273438,100.0
0.25,Late,DVNDA,35,10.235036849975586,100.0
0.25,Late,DVNDA,36,7.791862964630127,100.0
0.25,Late,DVNDA,37,9.427915573120117,100.0
0.25,Late,DVNDA,38,8.438257217407227,100.0
0.25,Late,DVNDA,39,10.232438087463379,100.0
0.25,Late,DVNDA,40,10.378424644470215,100.0
0.25,Late,DVNDA,41,8.522880554199219,100.0
0.25,Late,DVNDA,42,8.022668838500977,100.0
0.25,Late,DVNDA,43,7.49824333190918,100.0
0.25,Late,DVNDA,44,8.443379402160645,100.0
0.25,Late,DVNDA,45,6.875391960144043,100.0
0.25,Late,DVNDA,46,8.426721572875977,100.0
0.25,Late,DVNDA,47,8.144700050354004,100.0
0.25,Late,DVNDA,48,10.822463989257812,100.0
0.25,Late,DVNDA,49,8.782235145568848,100.0
0.25,Late,DVNDA,50,10.510390281677246,100.0
0.25,Late,DVNDA,51,9.134187698364258,100.0
0.25,Late,DVNDA,52,10.256031036376953,100.0
0.25,Late,DVNDA,53,9.548626899719238,100.0
0.25,Late,DVNDA,54,10.949424743652344,100.0
0.25,Late,DVNDA,55,9.913896560668945,100.0
0.25,Late,DVNDA,56,9.455151557922363,100.0
0.25,Late,DVNDA,57,9.988561630249023,100.0
0.25,Late,DVNDA,58,9.364842414855957,100.0
0.25,Late,DVNDA,59,7.827571392059326,100.0
0.25,Late,DVNDA,60,9.58059310913086,100.0
0.25,Late,DVNDA,61,8.679475784301758,100.0
0.25,Late,DVNDA,62,8.00339126586914,100.0
0.25,Late,DVNDA,63,9.484813690185547,100.0
0.25,Late,DVNDA,64,10.925111770629883,100.0
0.25,Late,DVNDA,65,11.883657455444336,94.9999988079071
0.25,Late,DVNDA,66,9.725381851196289,100.0
0.25,Late,DVNDA,67,10.562202453613281,100.0
0.25,Late,DVNDA,68,10.56075382232666,100.0
0.25,Late,DVNDA,69,8.835079193115234,100.0
0.25,Late,DVNDA,70,7.965622425079346,100.0
0.25,Late,DVNDA,71,10.85185718536377,100.0
0.25,Late,DVNDA,72,11.899608612060547,100.0
0.25,Late,DVNDA,73,10.449867248535156,100.0
0.25,Late,DVNDA,74,9.579265594482422,100.0
0.25,Late,DVNDA,75,9.800418853759766,100.0
0.25,Late,DVNDA,76,9.356457710266113,100.0
0.25,Late,DVNDA,77,10.23582935333252,100.0
0.25,Late,DVNDA,78,10.088997840881348,100.0
0.25,Late,DVNDA,79,9.330538749694824,100.0
0.25,Late,DVNDA,80,9.704062461853027,100.0
0.25,Late,DVNDA,81,10.092306137084961,100.0
0.25,Late,DVNDA,82,8.622173309326172,100.0
0.25,Late,DVNDA,83,8.052797317504883,100.0
0.25,Late,DVNDA,84,9.570682525634766,100.0
0.25,Late,DVNDA,85,9.826593399047852,100.0
0.25,Late,DVNDA,86,8.909451484680176,100.0
0.25,Late,DVNDA,87,9.049698829650879,100.0
0.25,Late,DVNDA,88,7.6887664794921875,100.0
0.25,Late,DVNDA,89,9.79105281829834,100.0
0.25,Late,DVNDA,90,10.647568702697754,100.0
0.25,Late,DVNDA,91,9.911762237548828,100.0
0.25,Late,DVNDA,92,8.168411254882812,100.0
0.25,Late,DVNDA,93,8.859017372131348,100.0
0.25,Late,DVNDA,94,9.731348991394043,100.0
0.25,Late,DVNDA,95,8.562440872192383,94.9999988079071
0.25,Late,DVNDA,96,8.163951873779297,100.0
0.25,Late,DVNDA,97,9.572022438049316,100.0
0.25,Late,DVNDA,98,9.02701473236084,100.0
0.25,Late,DVNDA,99,9.042601585388184,100.0
0.25,Late,DVNDA,100,8.479241371154785,100.0
0.25,Late,Greedy,1,11.1817045211792,100.0
0.25,Late,Greedy,2,9.712018966674805,100.0
0.25,Late,Greedy,3,9.187018394470215,100.0
0.25,Late,Greedy,4,12.217388153076172,100.0
0.25,Late,Greedy,5,8.889328956604004,100.0
0.25,Late,Greedy,6,7.295598983764648,94.9999988079071
0.25,Late,Greedy,7,11.793072700500488,100.0
0.25,Late,Greedy,8,7.727911472320557,100.0
0.25,Late,Greedy,9,9.117328643798828,100.0
0.25,Late,Greedy,10,9.719706535339355,100.0
0.25,Late,Greedy,11,8.385967254638672,100.0
0.25,Late,Greedy,12,10.942832946777344,100.0
0.25,Late,Greedy,13,7.688374996185303,100.0
0.25,Late,Greedy,14,9.97072696685791,100.0
0.25,Late,Greedy,15,9.18687629699707,100.0
0.25,Late,Greedy,16,10.70534896850586,100.0
0.25,Late,Greedy,17,8.412353515625,100.0
0.25,Late,Greedy,18,9.039339065551758,100.0
0.25,Late,Greedy,19,9.008158683776855,100.0
0.25,Late,Greedy,20,10.085098266601562,100.0
0.25,Late,Greedy,21,8.462285041809082,100.0
0.25,Late,Greedy,22,8.677183151245117,100.0
0.25,Late,Greedy,23,10.493810653686523,100.0
0.25,Late,Greedy,24,9.237956047058105,100.0
0.25,Late,Greedy,25,8.711020469665527,100.0
0.25,Late,Greedy,26,8.804086685180664,100.0
0.25,Late,Greedy,27,10.484908103942871,100.0
0.25,Late,Greedy,28,10.779438972473145,100.0
0.25,Late,Greedy,29,10.260144233703613,100.0
0.25,Late,Greedy,30,9.673554420471191,100.0
0.25,Late,Greedy,31,8.523065567016602,100.0
0.25,Late,Greedy,32,10.922696113586426,100.0
0.25,Late,Greedy,33,9.205107688903809,100.0
0.25,Late,Greedy,34,9.758617401123047,100.0
0.25,Late,Greedy,35,9.461837768554688,100.0
0.25,Late,Greedy,36,8.887537956237793,100.0
0.25,Late,Greedy,37,8.017789840698242,100.0
0.25,Late,Greedy,38,9.238797187805176,100.0
0.25,Late,Greedy,39,9.934259414672852,100.0
0.25,Late,Greedy,40,11.3264741897583,100.0
0.25,Late,Greedy,41,8.313580513000488,100.0
0.25,Late,Greedy,42,10.295614242553711,100.0
0.25,Late,Greedy,43,9.450390815734863,100.0
0.25,Late,Greedy,44,7.864070892333984,100.0
0.25,Late,Greedy,45,7.950751304626465,100.0
0.25,Late,Greedy,46,10.472613334655762,100.0
0.25,Late,Greedy,47,8.192549705505371,94.9999988079071
0.25,Late,Greedy,48,10.253494262695312,100.0
0.25,Late,Greedy,49,10.643287658691406,100.0
0.25,Late,Greedy,50,8.94663143157959,100.0
0.25,Late,Greedy,51,11.26109790802002,100.0
0.25,Late,Greedy,52,10.032148361206055,100.0
0.25,Late,Greedy,53,10.402268409729004,100.0
0.25,Late,Greedy,54,11.712321281433105,100.0
0.25,Late,Greedy,55,11.065258026123047,100.0
0.25,Late,Greedy,56,9.069011688232422,100.0
0.25,Late,Greedy,57,9.171745300292969,100.0
0.25,Late,Greedy,58,9.3358736038208,100.0
0.25,Late,Greedy,59,8.827746391296387,100.0
0.25,Late,Greedy,60,10.817049980163574,100.0
0.25,Late,Greedy,61,9.41378402709961,100.0
0.25,Late,Greedy,62,9.908212661743164,100.0
0.25,Late,Greedy,63,10.834850311279297,100.0
0.25,Late,Greedy,64,10.419014930725098,94.9999988079071
0.25,Late,Greedy,65,11.132144927978516,94.9999988079071
0.25,Late,Greedy,66,12.01871395111084,100.0
0.25,Late,Greedy,67,11.965266227722168,100.0
0.25,Late,Greedy,68,11.665950775146484,100.0
0.25,Late,Greedy,69,8.192610740661621,100.0
0.25,Late,Greedy,70,9.764890670776367,100.0
0.25,Late,Greedy,71,7.860833644866943,94.9999988079071
0.25,Late,Greedy,72,10.638392448425293,100.0
0.25,Late,Greedy,73,13.324628829956055,100.0
0.25,Late,Greedy,74,9.876150131225586,100.0
0.25,Late,Greedy,75,9.84737777709961,100.0
0.25,Late,Greedy,76,8.447388648986816,100.0
0.25,Late,Greedy,77,8.384267807006836,100.0
0.25,Late,Greedy,78,8.740021705627441,100.0
0.25,Late,Greedy,79,8.027461051940918,100.0
0.25,Late,Greedy,80,8.020843505859375,100.0
0.25,Late,Greedy,81,9.985322952270508,100.0
0.25,Late,Greedy,82,8.968670845031738,100.0
0.25,Late,Greedy,83,9.923358917236328,100.0
0.25,Late,Greedy,84,9.661215782165527,100.0
0.25,Late,Greedy,85,9.759177207946777,100.0
0.25,Late,Greedy,86,10.238380432128906,100.0
0.25,Late,Greedy,87,10.265259742736816,100.0
0.25,Late,Greedy,88,8.5521821975708,100.0
0.25,Late,Greedy,89,9.124311447143555,100.0
0.25,Late,Greedy,90,9.838017463684082,100.0
0.25,Late,Greedy,91,10.614684104919434,100.0
0.25,Late,Greedy,92,9.547184944152832,100.0
0.25,Late,Greedy,93,10.488035202026367,100.0
0.25,Late,Greedy,94,11.078839302062988,100.0
0.25,Late,Greedy,95,8.236194610595703,94.9999988079071
0.25,Late,Greedy,96,8.974260330200195,100.0
0.25,Late,Greedy,97,8.99600887298584,100.0
0.25,Late,Greedy,98,8.912744522094727,100.0
0.25,Late,Greedy,99,9.025761604309082,100.0
0.25,Late,Greedy,100,9.547118186950684,100.0
0.5,Early,DVNDA,1,10.763371467590332,100.0
0.5,Early,DVNDA,2,10.338892936706543,100.0
0.5,Early,DVNDA,3,9.725435256958008,100.0
0.5,Early,DVNDA,4,10.299548149108887,100.0
0.5,Early,DVNDA,5,7.799516677856445,100.0
0.5,Early,DVNDA,6,8.24086856842041,100.0
0.5,Early,DVNDA,7,11.944971084594727,100.0
0.5,Early,DVNDA,8,8.180706024169922,100.0
0.5,Early,DVNDA,9,10.678081512451172,100.0
0.5,Early,DVNDA,10,7.527871131896973,100.0
0.5,Early,DVNDA,11,10.64034366607666,100.0
0.5,Early,DVNDA,12,10.421847343444824,100.0
0.5,Early,DVNDA,13,11.0075101852417,100.0
0.5,Early,DVNDA,14,8.743471145629883,100.0
0.5,Early,DVNDA,15,8.350525856018066,100.0
0.5,Early,DVNDA,16,11.511667251586914,100.0
0.5,Early,DVNDA,17,8.704399108886719,100.0
0.5,Early,DVNDA,18,8.349008560180664,100.0
0.5,Early,DVNDA,19,9.705642700195312,100.0
0.5,Early,DVNDA,20,10.764878273010254,100.0
0.5,Early,DVNDA,21,8.028675079345703,100.0
0.5,Early,DVNDA,22,10.468982696533203,100.0
0.5,Early,DVNDA,23,9.431204795837402,100.0
0.5,Early,DVNDA,24,9.389264106750488,100.0
0.5,Early,DVNDA,25,9.68565845489502,100.0
0.5,Early,DVNDA,26,9.163457870483398,100.0
0.5,Early,DVNDA,27,10.169964790344238,100.0
0.5,Early,DVNDA,28,9.891036987304688,100.0
0.5,Early,DVNDA,29,9.076188087463379,100.0
0.5,Early,DVNDA,30,10.70987606048584,100.0
0.5,Early,DVNDA,31,9.265279769897461,100.0
0.5,Early,DVNDA,32,12.046761512756348,100.0
0.5,Early,DVNDA,33,7.912605285644531,100.0
0.5,Early,DVNDA,34,9.841139793395996,100.0
0.5,Early,DVNDA,35,11.96329116821289,100.0
0.5,Early,DVNDA,36,10.191136360168457,100.0
0.5,Early,DVNDA,37,8.90384578704834,100.0
0.5,Early,DVNDA,38,9.143040657043457,100.0
0.5,Early,DVNDA,39,11.822334289550781,100.0
0.5,Early,DVNDA,40,9.879273414611816,100.0
0.5,Early,DVNDA,41,8.734369277954102,100.0
0.5,Early,DVNDA,42,8.140548706054688,100.0
0.5,Early,DVNDA,43,8.186241149902344,100.0
0.5,Early,DVNDA,44,9.386759757995605,100.0
0.5,Early,DVNDA,45,8.199270248413086,100.0
0.5,Early,DVNDA,46,9.376808166503906,100.0
0.5,Early,DVNDA,47,10.320728302001953,100.0
0.5,Early,DVNDA,48,11.080862998962402,100.0
0.5,Early,DVNDA,49,8.771797180175781,100.0
0.5,Early,DVNDA,50,10.874747276306152,100.0
0.5,Early,DVNDA,51,10.310970306396484,100.0
0.5,Early,DVNDA,52,9.176937103271484,100.0
0.5,Early,DVNDA,53,8.918893814086914,100.0
0.5,Early,DVNDA,54,12.464445114135742,100.0
0.5,Early,DVNDA,55,10.922693252563477,100.0
0.5,Early,DVNDA,56,11.192973136901855,100.0
0.5,Early,DVNDA,57,12.104665756225586,100.0
0.5,Early,DVNDA,58,10.313228607177734,100.0
0.5,Early,DVNDA,59,11.598901748657227,100.0
0.5,Early,DVNDA,60,10.182783126831055,100.0
0.5,Early,DVNDA,61,9.269786834716797,100.0
0.5,Early,DVNDA,62,10.57607650756836,100.0
0.5,Early,DVNDA,63,9.664616584777832,100.0
0.5,Early,DVNDA,64,12.078340530395508,100.0
0.5,Early,DVNDA,65,11.645532608032227,94.9999988079071
0.5,Early,DVNDA,66,9.634063720703125,100.0
0.5,Early,DVNDA,67,10.801614761352539,100.0
0.5,Early,DVNDA,68,10.47131061553955,100.0
0.5,Early,DVNDA,69,9.384453773498535,100.0
0.5,Early,DVNDA,70,9.124277114868164,100.0
0.5,Early,DVNDA,71,9.609886169433594,100.0
0.5,Early,DVNDA,72,11.38079833984375,100.0
0.5,Early,DVNDA,73,11.098638534545898,100.0
0.5,Early,DVNDA,74,10.597752571105957,100.0
0.5,Early,DVNDA,75,10.81881046295166,100.0
0.5,Early,DVNDA,76,10.536384582519531,100.0
0.5,Early,DVNDA,77,11.170700073242188,100.0
0.5,Early,DVNDA,78,12.123092651367188,100.0
0.5,Early,DVNDA,79,10.169892311096191,100.0
0.5,Early,DVNDA,80,9.657548904418945,100.0
0.5,Early,DVNDA,81,10.50600814819336,100.0
0.5,Early,DVNDA,82,9.817886352539062,100.0
0.5,Early,DVNDA,83,10.477339744567871,100.0
0.5,Early,DVNDA,84,9.492242813110352,100.0
0.5,Early,DVNDA,85,10.130048751831055,100.0
0.5,Early,DVNDA,86,9.940164566040039,100.0
0.5,Early,DVNDA,87,9.087553024291992,100.0
0.5,Early,DVNDA,88,9.956801414489746,100.0
0.5,Early,DVNDA,89,10.50584888458252,100.0
0.5,Early,DVNDA,90,11.179882049560547,100.0
0.5,Early,DVNDA,91,10.159486770629883,100.0
0.5,Early,DVNDA,92,9.186064720153809,100.0
0.5,Early,DVNDA,93,10.93883228302002,100.0
0.5,Early,DVNDA,94,9.573429107666016,100.0
0.5,Early,DVNDA,95,9.477995872497559,94.9999988079071
0.5,Early,DVNDA,96,9.511429786682129,100.0
0.5,Early,DVNDA,97,11.468709945678711,100.0
0.5,Early,DVNDA,98,10.598237037658691,100.0
0.5,Early,DVNDA,99,10.22547721862793,100.0
0.5,Early,DVNDA,100,9.963067054748535,100.0
0.5,Early,Greedy,1,11.946115493774414,100.0
0.5,Early,Greedy,2,10.282686233520508,100.0
0.5,Early,Greedy,3,10.066534042358398,100.0
0.5,Early,Greedy,4,11.661789894104004,100.0
0.5,Early,Greedy,5,9.097743034362793,100.0
0.5,Early,Greedy,6,9.473093032836914,94.9999988079071
0.5,Early,Greedy,7,12.333264350891113,100.0
0.5,Early,Greedy,8,8.68476390838623,100.0
0.5,Early,Greedy,9,10.477876663208008,100.0
0.5,Early,Greedy,10,11.200753211975098,100.0
0.5,Early,Greedy,11,11.054479598999023,100.0
0.5,Early,Greedy,12,12.50084114074707,100.0
0.5,Early,Greedy,13,10.496932029724121,100.0
0.5,Early,Greedy,14,11.752184867858887,100.0
0.5,Early,Greedy,15,10.24382495880127,100.0
0.5,Early,Greedy,16,13.642651557922363,100.0
0.5,Early,Greedy,17,10.49452018737793,100.0
0.5,Early,Greedy,18,11.40365982055664,100.0
0.5,Early,Greedy,19,12.293951988220215,100.0
0.5,Early,Greedy,20,11.322206497192383,100.0
0.5,Early,Greedy,21,9.288289070129395,100.0
0.5,Early,Greedy,22,10.604921340942383,100.0
0.5,Early,Greedy,23,11.2894287109375,100.0
0.5,Early,Greedy,24,10.50240421295166,100.0
0.5,Early,Greedy,25,9.871062278747559,100.0
0.5,Early,Greedy,26,12.474929809570312,100.0
0.5,Early,Greedy,27,11.813102722167969,100.0
0.5,Early,Greedy,28,10.567048072814941,100.0
0.5,Early,Greedy,29,11.226744651794434,100.0
0.5,Early,Greedy,30,11.577010154724121,100.0
0.5,Early,Greedy,31,8.80019760131836,100.0
0.5,Early,Greedy,32,12.275206565856934,100.0
0.5,Early,Greedy,33,9.635016441345215,100.0
0.5,Early,Greedy,34,11.157352447509766,100.0
0.5,Early,Greedy,35,11.277267456054688,100.0
0.5,Early,Greedy,36,11.847333908081055,100.0
0.5,Early,Greedy,37,9.1354398727417,100.0
0.5,Early,Greedy,38,10.569978713989258,100.0
0.5,Early,Greedy,39,11.282776832580566,100.0
0.5,Early,Greedy,40,12.92980670928955,100.0
0.5,Early,Greedy,41,8.743496894836426,100.0
0.5,Early,Greedy,42,9.804811477661133,100.0
0.5,Early,Greedy,43,9.745906829833984,100.0
0.5,Early,Greedy,44,9.501748085021973,100.0
0.5,Early,Greedy,45,9.14094352722168,100.0
0.5,Early,Greedy,46,10.365562438964844,100.0
0.5,Early,Greedy,47,10.023087501525879,100.0
0.5,Early,Greedy,48,11.071076393127441,100.0
0.5,Early,Greedy,49,12.255477905273438,100.0
0.5,Early,Greedy,50,12.186251640319824,100.0
0.5,Early,Greedy,51,12.81121826171875,100.0
0.5,Early,Greedy,52,13.492426872253418,100.0
0.5,Early,Greedy,53,10.038490295410156,100.0
0.5,Early,Greedy,54,13.5892333984375,100.0
0.5,Early,Greedy,55,10.987725257873535,100.0
0.5,Early,Greedy,56,12.401259422302246,100.0
0.5,Early,Greedy,57,11.83226490020752,100.0
0.5,Early,Greedy,58,12.236370086669922,100.0
0.5,Early,Greedy,59,10.129864692687988,100.0
0.5,Early,Greedy,60,11.864432334899902,100.0
0.5,Early,Greedy,61,9.864108085632324,100.0
0.5,Early,Greedy,62,10.844101905822754,100.0
0.5,Early,Greedy,63,10.608710289001465,100.0
0.5,Early,Greedy,64,11.111610412597656,94.9999988079071
0.5,Early,Greedy,65,10.238619804382324,89.99999761581421
0.5,Early,Greedy,66,11.786346435546875,100.0
0.5,Early,Greedy,67,13.740015029907227,100.0
0.5,Early,Greedy,68,10.740181922912598,100.0
0.5,Early,Greedy,69,10.048674583435059,100.0
0.5,Early,Greedy,70,11.107988357543945,100.0
0.5,Early,Greedy,71,8.860408782958984,94.9999988079071
0.5,Early,Greedy,72,13.111611366271973,100.0
0.5,Early,Greedy,73,12.486431121826172,100.0
0.5,Early,Greedy,74,11.50559139251709,100.0
0.5,Early,Greedy,75,10.37155818939209,100.0
0.5,Early,Greedy,76,11.057271003723145,100.0
0.5,Early,Greedy,77,11.6665620803833,100.0
0.5,Early,Greedy,78,12.513528823852539,100.0
0.5,Early,Greedy,79,12.303691864013672,100.0
0.5,Early,Greedy,80,11.676996231079102,100.0
0.5,Early,Greedy,81,13.308487892150879,100.0
0.5,Early,Greedy,82,12.105353355407715,100.0
0.5,Early,Greedy,83,9.460322380065918,100.0
0.5,Early,Greedy,84,9.725749969482422,100.0
0.5,Early,Greedy,85,11.613077163696289,100.0
0.5,Early,Greedy,86,11.076476097106934,100.0
0.5,Early,Greedy,87,10.037416458129883,100.0
0.5,Early,Greedy,88,10.856773376464844,100.0
0.5,Early,Greedy,89,8.944758415222168,100.0
0.5,Early,Greedy,90,11.023526191711426,100.0
0.5,Early,Greedy,91,11.720745086669922,94.9999988079071
0.5,Early,Greedy,92,10.799721717834473,100.0
0.5,Early,Greedy,93,11.702767372131348,100.0
0.5,Early,Greedy,94,11.994058609008789,100.0
0.5,Early,Greedy,95,7.940384864807129,89.99999761581421
0.5,Early,Greedy,96,12.03605842590332,100.0
0.5,Early,Greedy,97,11.664983749389648,100.0
0.5,Early,Greedy,98,10.428542137145996,100.0
0.5,Early,Greedy,99,11.275968551635742,100.0
0.5,Early,Greedy,100,12.142969131469727,100.0
0.5,Late,DVNDA,1,11.645844459533691,100.0
0.5,Late,DVNDA,2,11.6397705078125,100.0
0.5,Late,DVNDA,3,9.680062294006348,100.0
0.5,Late,DVNDA,4,9.847196578979492,100.0
0.5,Late,DVNDA,5,7.907716274261475,100.0
0.5,Late,DVNDA,6,8.268062591552734,100.0
0.5,Late,DVNDA,7,12.782601356506348,100.0
0.5,Late,DVNDA,8,8.129416465759277,100.0
0.5,Late,DVNDA,9,9.52719497680664,100.0
0.5,Late,DVNDA,10,8.046581268310547,100.0
0.5,Late,DVNDA,11,10.244963645935059,100.0
0.5,Late,DVNDA,12,11.812005996704102,100.0
0.5,Late,DVNDA,13,9.79074764251709,100.0
0.5,Late,DVNDA,14,10.603785514831543,100.0
0.5,Late,DVNDA,15,8.666706085205078,100.0
0.5,Late,DVNDA,16,11.912668228149414,100.0
0.5,Late,DVNDA,17,9.002198219299316,100.0
0.5,Late,DVNDA,18,8.872814178466797,100.0
0.5,Late,DVNDA,19,10.03337287902832,100.0
0.5,Late,DVNDA,20,12.86989688873291,100.0
0.5,Late,DVNDA,21,8.848379135131836,100.0
0.5,Late,DVNDA,22,11.75538158416748,100.0
0.5,Late,DVNDA,23,10.277737617492676,100.0
0.5,Late,DVNDA,24,9.964889526367188,100.0
0.5,Late,DVNDA,25,9.758584976196289,100.0
0.5,Late,DVNDA,26,10.158987998962402,100.0
0.5,Late,DVNDA,27,11.673542022705078,100.0
0.5,Late,DVNDA,28,9.203939437866211,100.0
0.5,Late,DVNDA,29,9.322356224060059,100.0
0.5,Late,DVNDA,30,9.956464767456055,100.0
0.5,Late,DVNDA,31,8.784021377563477,100.0
0.5,Late,DVNDA,32,10.055561065673828,100.0
0.5,Late,DVNDA,33,9.306877136230469,100.0
0.5,Late,DVNDA,34,10.029492378234863,100.0
0.5,Late,DVNDA,35,11.201189994812012,100.0
0.5,Late,DVNDA,36,9.855318069458008,100.0
0.5,Late,DVNDA,37,9.182822227478027,100.0
0.5,Late,DVNDA,38,9.683232307434082,100.0
0.5,Late,DVNDA,39,10.270346641540527,100.0
0.5,Late,DVNDA,40,10.259130477905273,100.0
0.5,Late,DVNDA,41,8.580646514892578,100.0
0.5,Late,DVNDA,42,7.647945880889893,100.0
0.5,Late,DVNDA,43,9.726592063903809,100.0
0.5,Late,DVNDA,44,9.308505058288574,100.0
0.5,Late,DVNDA,45,9.125199317932129,100.0
0.5,Late,DVNDA,46,12.43206787109375,100.0
0.5,Late,DVNDA,47,8.458477973937988,100.0
0.5,Late,DVNDA,48,9.922128677368164,100.0
0.5,Late,DVNDA,49,10.735745429992676,100.0
0.5,Late,DVNDA,50,10.535909652709961,100.0
0.5,Late,DVNDA,51,11.206459045410156,100.0
0.5,Late,DVNDA,52,9.788736343383789,100.0
0.5,Late,DVNDA,53,9.598166465759277,100.0
0.5,Late,DVNDA,54,13.195314407348633,100.0
0.5,Late,DVNDA,55,11.510442733764648,100.0
0.5,Late,DVNDA,56,10.353408813476562,100.0
0.5,Late,DVNDA,57,12.005498886108398,100.0
0.5,Late,DVNDA,58,9.50722599029541,100.0
0.5,Late,DVNDA,59,10.473998069763184,100.0
0.5,Late,DVNDA,60,10.365720748901367,100.0
0.5,Late,DVNDA,61,9.2465238571167,100.0
0.5,Late,DVNDA,62,9.885538101196289,100.0
0.5,Late,DVNDA,63,9.966707229614258,100.0
0.5,Late,DVNDA,64,10.445173263549805,100.0
0.5,Late,DVNDA,65,12.86777114868164,94.9999988079071
0.5,Late,DVNDA,66,10.592535018920898,100.0
0.5,Late,DVNDA,67,11.55420970916748,100.0
0.5,Late,DVNDA,68,10.077226638793945,100.0
0.5,Late,DVNDA,69,10.837655067443848,100.0
0.5,Late,DVNDA,70,9.12164306640625,100.0
0.5,Late,DVNDA,71,10.460424423217773,100.0
0.5,Late,DVNDA,72,12.107114791870117,100.0
0.5,Late,DVNDA,73,11.633566856384277,100.0
0.5,Late,DVNDA,74,11.221237182617188,100.0
0.5,Late,DVNDA,75,10.723970413208008,100.0
0.5,Late,DVNDA,76,9.33730411529541,100.0
0.5,Late,DVNDA,77,11.13342571258545,100.0
0.5,Late,DVNDA,78,12.622429847717285,100.0
0.5,Late,DVNDA,79,11.631925582885742,100.0
0.5,Late,DVNDA,80,10.313543319702148,100.0
0.5,Late,DVNDA,81,10.843204498291016,100.0
0.5,Late,DVNDA,82,9.316971778869629,100.0
0.5,Late,DVNDA,83,9.03732681274414,100.0
0.5,Late,DVNDA,84,10.357110023498535,100.0
0.5,Late,DVNDA,85,10.201210021972656,100.0
0.5,Late,DVNDA,86,8.87039566040039,100.0
0.5,Late,DVNDA,87,9.316262245178223,100.0
0.5,Late,DVNDA,88,8.424859046936035,100.0
0.5,Late,DVNDA,89,10.852806091308594,100.0
0.5,Late,DVNDA,90,11.492090225219727,100.0
0.5,Late,DVNDA,91,12.121509552001953,100.0
0.5,Late,DVNDA,92,9.175775527954102,100.0
0.5,Late,DVNDA,93,9.16934871673584,100.0
0.5,Late,DVNDA,94,10.101000785827637,100.0
0.5,Late,DVNDA,95,9.77932071685791,94.9999988079071
0.5,Late,DVNDA,96,9.146988868713379,100.0
0.5,Late,DVNDA,97,10.155552864074707,100.0
0.5,Late,DVNDA,98,12.120134353637695,100.0
0.5,Late,DVNDA,99,10.668652534484863,100.0
0.5,Late,DVNDA,100,10.02116870880127,100.0
0.5,Late,Greedy,1,11.674015998840332,100.0
0.5,Late,Greedy,2,11.296719551086426,100.0
0.5,Late,Greedy,3,9.568846702575684,100.0
0.5,Late,Greedy,4,10.835182189941406,100.0
0.5,Late,Greedy,5,8.733192443847656,100.0
0.5,Late,Greedy,6,9.378183364868164,94.9999988079071
0.5,Late,Greedy,7,13.981739044189453,100.0
0.5,Late,Greedy,8,9.415361404418945,100.0
0.5,Late,Greedy,9,10.709429740905762,100.0
0.5,Late,Greedy,10,10.22154426574707,100.0
0.5,Late,Greedy,11,10.900150299072266,100.0
0.5,Late,Greedy,12,12.023905754089355,100.0
0.5,Late,Greedy,13,10.053169250488281,100.0
0.5,Late,Greedy,14,11.248024940490723,100.0
0.5,Late,Greedy,15,10.212132453918457,100.0
0.5,Late,Greedy,16,10.472681999206543,100.0
0.5,Late,Greedy,17,9.013565063476562,94.9999988079071
0.5,Late,Greedy,18,9.799444198608398,100.0
0.5,Late,Greedy,19,10.93361759185791,100.0
0.5,Late,Greedy,20,12.09278678894043,100.0
0.5,Late,Greedy,21,8.966105461120605,100.0
0.5,Late,Greedy,22,11.443231582641602,100.0
0.5,Late,Greedy,23,10.712891578674316,100.0
0.5,Late,Greedy,24,9.171347618103027,100.0
0.5,Late,Greedy,25,9.726438522338867,100.0
0.5,Late,Greedy,26,10.343636512756348,100.0
0.5,Late,Greedy,27,11.163433074951172,100.0
0.5,Late,Greedy,28,10.983295440673828,100.0
0.5,Late,Greedy,29,11.934730529785156,100.0
0.5,Late,Greedy,30,10.122172355651855,100.0
0.5,Late,Greedy,31,10.218605995178223,100.0
0.5,Late,Greedy,32,11.492546081542969,100.0
0.5,Late,Greedy,33,10.926835060119629,100.0
0.5,Late,Greedy,34,10.50922679901123,100.0
0.5,Late,Greedy,35,10.562366485595703,100.0
0.5,Late,Greedy,36,11.445571899414062,100.0
0.5,Late,Greedy,37,8.700745582580566,100.0
0.5,Late,Greedy,38,10.056594848632812,100.0
0.5,Late,Greedy,39,9.614349365234375,100.0
0.5,Late,Greedy,40,11.972460746765137,100.0
0.5,Late,Greedy,41,9.426690101623535,100.0
0.5,Late,Greedy,42,9.597572326660156,100.0
0.5,Late,Greedy,43,9.435770988464355,100.0
0.5,Late,Greedy,44,9.969831466674805,100.0
0.5,Late,Greedy,45,9.480705261230469,100.0
0.5,Late,Greedy,46,11.46402645111084,100.0
0.5,Late,Greedy,47,9.59262752532959,100.0
0.5,Late,Greedy,48,11.328970909118652,100.0
0.5,Late,Greedy,49,10.979930877685547,100.0
0.5,Late,Greedy,50,11.95846176147461,100.0
0.5,Late,Greedy,51,12.313031196594238,100.0
0.5,Late,Greedy,52,12.011528968811035,100.0
0.5,Late,Greedy,53,9.226835250854492,100.0
0.5,Late,Greedy,54,13.079569816589355,100.0
0.5,Late,Greedy,55,11.326725959777832,100.0
0.5,Late,Greedy,56,10.549798011779785,100.0
0.5,Late,Greedy,57,11.901981353759766,100.0
0.5,Late,Greedy,58,12.02662467956543,100.0
0.5,Late,Greedy,59,10.153885841369629,100.0
0.5,Late,Greedy,60,12.607614517211914,100.0
0.5,Late,Greedy,61,9.476716995239258,100.0
0.5,Late,Greedy,62,11.736584663391113,100.0
0.5,Late,Greedy,63,11.665785789489746,100.0
0.5,Late,Greedy,64,10.383681297302246,94.9999988079071
0.5,Late,Greedy,65,11.715688705444336,94.9999988079071
0.5,Late,Greedy,66,13.26953411102295,100.0
0.5,Late,Greedy,67,11.177263259887695,100.0
0.5,Late,Greedy,68,10.666620254516602,100.0
0.5,Late,Greedy,69,9.920969009399414,100.0
0.5,Late,Greedy,70,10.280847549438477,100.0
0.5,Late,Greedy,71,7.812507152557373,94.9999988079071
0.5,Late,Greedy,72,14.428979873657227,100.0
0.5,Late,Greedy,73,12.419493675231934,100.0
0.5,Late,Greedy,74,12.924591064453125,100.0
0.5,Late,Greedy,75,10.887652397155762,100.0
0.5,Late,Greedy,76,11.015663146972656,100.0
0.5,Late,Greedy,77,13.642193794250488,100.0
0.5,Late,Greedy,78,13.107356071472168,100.0
0.5,Late,Greedy,79,11.484001159667969,100.0
0.5,Late,Greedy,80,11.466297149658203,100.0
0.5,Late,Greedy,81,12.352398872375488,100.0
0.5,Late,Greedy,82,10.909537315368652,100.0
0.5,Late,Greedy,83,8.637210845947266,100.0
0.5,Late,Greedy,84,10.619660377502441,100.0
0.5,Late,Greedy,85,10.98762035369873,100.0
0.5,Late,Greedy,86,10.268269538879395,100.0
0.5,Late,Greedy,87,11.253676414489746,100.0
0.5,Late,Greedy,88,11.884598731994629,100.0
0.5,Late,Greedy,89,9.728294372558594,100.0
0.5,Late,Greedy,90,8.915328025817871,100.0
0.5,Late,Greedy,91,12.057666778564453,100.0
0.5,Late,Greedy,92,10.36337661743164,100.0
0.5,Late,Greedy,93,10.932562828063965,100.0
0.5,Late,Greedy,94,12.27519416809082,100.0
0.5,Late,Greedy,95,9.411325454711914,94.9999988079071
0.5,Late,Greedy,96,10.724020957946777,100.0
0.5,Late,Greedy,97,11.16799259185791,100.0
0.5,Late,Greedy,98,10.426944732666016,100.0
0.5,Late,Greedy,99,11.325968742370605,100.0
0.5,Late,Greedy,100,11.2410249710083,100.0
0.75,Early,DVNDA,1,11.257328987121582,100.0
0.75,Early,DVNDA,2,12.942049026489258,100.0
0.75,Early,DVNDA,3,9.59659194946289,100.0
0.75,Early,DVNDA,4,12.465795516967773,100.0
0.75,Early,DVNDA,5,8.70302963256836,100.0
0.75,Early,DVNDA,6,10.187231063842773,100.0
0.75,Early,DVNDA,7,13.017008781433105,100.0
0.75,Early,DVNDA,8,10.448637962341309,100.0
0.75,Early,DVNDA,9,9.643836975097656,100.0
0.75,Early,DVNDA,10,10.181814193725586,100.0
0.75,Early,DVNDA,11,10.9506196975708,100.0
0.75,Early,DVNDA,12,12.152165412902832,100.0
0.75,Early,DVNDA,13,10.531834602355957,100.0
0.75,Early,DVNDA,14,10.488446235656738,100.0
0.75,Early,DVNDA,15,9.76578426361084,100.0
0.75,Early,DVNDA,16,10.928768157958984,100.0
0.75,Early,DVNDA,17,10.106539726257324,100.0
0.75,Early,DVNDA,18,8.041583061218262,100.0
0.75,Early,DVNDA,19,8.852964401245117,100.0
0.75,Early,DVNDA,20,10.037466049194336,100.0
0.75,Early,DVNDA,21,9.72063159942627,100.0
0.75,Early,DVNDA,22,10.884296417236328,100.0
0.75,Early,DVNDA,23,11.554793357849121,100.0
0.75,Early,DVNDA,24,9.801528930664062,100.0
0.75,Early,DVNDA,25,9.684551239013672,100.0
0.75,Early,DVNDA,26,8.448018074035645,100.0
0.75,Early,DVNDA,27,11.8566255569458,100.0
0.75,Early,DVNDA,28,9.367319107055664,100.0
0.75,Early,DVNDA,29,11.660445213317871,100.0
0.75,Early,DVNDA,30,9.917277336120605,100.0
0.75,Early,DVNDA,31,9.648489952087402,100.0
0.75,Early,DVNDA,32,11.241922378540039,100.0
0.75,Early,DVNDA,33,9.342169761657715,100.0
0.75,Early,DVNDA,34,12.940633773803711,100.0
0.75,Early,DVNDA,35,12.502144813537598,100.0
0.75,Early,DVNDA,36,9.931326866149902,100.0
0.75,Early,DVNDA,37,8.125703811645508,100.0
0.75,Early,DVNDA,38,8.508336067199707,100.0
0.75,Early,DVNDA,39,11.479860305786133,100.0
0.75,Early,DVNDA,40,11.698206901550293,100.0
0.75,Early,DVNDA,41,9.194658279418945,100.0
0.75,Early,DVNDA,42,8.364246368408203,100.0
0.75,Early,DVNDA,43,9.762340545654297,100.0
0.75,Early,DVNDA,44,8.906244277954102,100.0
0.75,Early,DVNDA,45,9.016690254211426,100.0
0.75,Early,DVNDA,46,11.2294340133667,100.0
0.75,Early,DVNDA,47,10.35231876373291,100.0
0.75,Early,DVNDA,48,12.968360900878906,100.0
0.75,Early,DVNDA,49,10.218717575073242,100.0
0.75,Early,DVNDA,50,11.460220336914062,100.0
0.75,Early,DVNDA,51,12.23288631439209,100.0
0.75,Early,DVNDA,52,13.084362983703613,100.0
0.75,Early,DVNDA,53,11.315120697021484,100.0
0.75,Early,DVNDA,54,12.595483779907227,100.0
0.75,Early,DVNDA,55,14.489676475524902,100.0
0.75,Early,DVNDA,56,10.48735237121582,100.0
0.75,Early,DVNDA,57,12.49875259399414,100.0
0.75,Early,DVNDA,58,12.613688468933105,100.0
0.75,Early,DVNDA,59,9.925851821899414,100.0
0.75,Early,DVNDA,60,12.0535888671875,100.0
0.75,Early,DVNDA,61,10.31617259979248,100.0
0.75,Early,DVNDA,62,11.051331520080566,100.0
0.75,Early,DVNDA,63,9.491869926452637,100.0
0.75,Early,DVNDA,64,11.760672569274902,94.9999988079071
0.75,Early,DVNDA,65,10.703073501586914,94.9999988079071
0.75,Early,DVNDA,66,11.895196914672852,100.0
0.75,Early,DVNDA,67,9.730971336364746,100.0
0.75,Early,DVNDA,68,11.823526382446289,100.0
0.75,Early,DVNDA,69,10.844746589660645,100.0
0.75,Early,DVNDA,70,10.020687103271484,100.0
0.75,Early,DVNDA,71,11.90019416809082,100.0
0.75,Early,DVNDA,72,14.13936710357666,100.0
0.75,Early,DVNDA,73,12.492340087890625,100.0
0.75,Early,DVNDA,74,12.335267066955566,100.0
0.75,Early,DVNDA,75,12.585384368896484,100.0
0.75,Early,DVNDA,76,12.453855514526367,100.0
0.75,Early,DVNDA,77,12.432275772094727,100.0
0.75,Early,DVNDA,78,12.528456687927246,100.0
0.75,Early,DVNDA,79,12.295714378356934,100.0
0.75,Early,DVNDA,80,9.171246528625488,100.0
0.75,Early,DVNDA,81,11.462132453918457,100.0
0.75,Early,DVNDA,82,9.762114524841309,100.0
0.75,Early,DVNDA,83,10.319257736206055,100.0
0.75,Early,DVNDA,84,10.504083633422852,100.0
0.75,Early,DVNDA,85,11.844078063964844,100.0
0.75,Early,DVNDA,86,8.70682430267334,100.0
0.75,Early,DVNDA,87,11.204119682312012,100.0
0.75,Early,DVNDA,88,10.497910499572754,100.0
0.75,Early,DVNDA,89,11.755814552307129,100.0
0.75,Early,DVNDA,90,11.739977836608887,100.0
0.75,Early,DVNDA,91,12.23195743560791,100.0
0.75,Early,DVNDA,92,9.612408638000488,100.0
0.75,Early,DVNDA,93,12.930639266967773,100.0
0.75,Early,DVNDA,94,10.235114097595215,100.0
0.75,Early,DVNDA,95,10.464059829711914,94.9999988079071
0.75,Early,DVNDA,96,10.177889823913574,100.0
0.75,Early,DVNDA,97,10.90369701385498,100.0
0.75,Early,DVNDA,98,11.202932357788086,100.0
0.75,Early,DVNDA,99,9.89565372467041,100.0
0.75,Early,DVNDA,100,10.477920532226562,100.0
0.75,Early,Greedy,1,16.112110137939453,100.0
0.75,Early,Greedy,2,11.71391487121582,100.0
0.75,Early,Greedy,3,10.349671363830566,100.0
0.75,Early,Greedy,4,11.402556419372559,100.0
0.75,Early,Greedy,5,8.75236701965332,100.0
0.75,Early,Greedy,6,8.684144973754883,100.0
0.75,Early,Greedy,7,13.321060180664062,100.0
0.75,Early,Greedy,8,9.444450378417969,100.0
0.75,Early,Greedy,9,10.509422302246094,100.0
0.75,Early,Greedy,10,9.054287910461426,100.0
0.75,Early,Greedy,11,11.927912712097168,100.0
0.75,Early,Greedy,12,12.911467552185059,100.0
0.75,Early,Greedy,13,11.056750297546387,100.0
0.75,Early,Greedy,14,11.91405963897705,100.0
0.75,Early,Greedy,15,10.867538452148438,100.0
0.75,Early,Greedy,16,12.539859771728516,100.0
0.75,Early,Greedy,17,10.503350257873535,100.0
0.75,Early,Greedy,18,8.744019508361816,100.0
0.75,Early,Greedy,19,12.324295997619629,100.0
0.75,Early,Greedy,20,12.030028343200684,100.0
0.75,Early,Greedy,21,9.846842765808105,100.0
0.75,Early,Greedy,22,10.231621742248535,100.0
0.75,Early,Greedy,23,11.055578231811523,100.0
0.75,Early,Greedy,24,10.251941680908203,100.0
0.75,Early,Greedy,25,10.43838119506836,100.0
0.75,Early,Greedy,26,10.33840274810791,100.0
0.75,Early,Greedy,27,13.105323791503906,100.0
0.75,Early,Greedy,28,11.481417655944824,100.0
0.75,Early,Greedy,29,11.2407865524292,100.0
0.75,Early,Greedy,30,11.546980857849121,100.0
0.75,Early,Greedy,31,9.057046890258789,100.0
0.75,Early,Greedy,32,12.264665603637695,100.0
0.75,Early,Greedy,33,9.148876190185547,100.0
0.75,Early,Greedy,34,12.948001861572266,100.0
0.75,Early,Greedy,35,11.273143768310547,100.0
0.75,Early,Greedy,36,11.41132926940918,100.0
0.75,Early,Greedy,37,10.3781156539917,100.0
0.75,Early,Greedy,38,10.712499618530273,100.0
0.75,Early,Greedy,39,11.912800788879395,100.0
0.75,Early,Greedy,40,10.57958984375,100.0
0.75,Early,Greedy,41,10.982301712036133,100.0
0.75,Early,Greedy,42,10.158896446228027,100.0
0.75,Early,Greedy,43,10.52109146118164,100.0
0.75,Early,Greedy,44,10.883540153503418,100.0
0.75,Early,Greedy,45,8.620940208435059,100.0
0.75,Early,Greedy,46,11.556619644165039,100.0
0.75,Early,Greedy,47,9.969669342041016,100.0
0.75,Early,Greedy,48,12.335744857788086,100.0
0.75,Early,Greedy,49,12.344557762145996,100.0
0.75,Early,Greedy,50,10.718167304992676,100.0
0.75,Early,Greedy,51,13.452498435974121,100.0
0.75,Early,Greedy,52,13.2396821975708,100.0
0.75,Early,Greedy,53,12.017926216125488,100.0
0.75,Early,Greedy,54,13.373880386352539,100.0
0.75,Early,Greedy,55,13.855101585388184,100.0
0.75,Early,Greedy,56,11.439775466918945,100.0
0.75,Early,Greedy,57,11.784351348876953,100.0
0.75,Early,Greedy,58,11.488944053649902,100.0
0.75,Early,Greedy,59,10.022015571594238,100.0
0.75,Early,Greedy,60,12.249947547912598,100.0
0.75,Early,Greedy,61,11.33945083618164,100.0
0.75,Early,Greedy,62,11.655226707458496,100.0
0.75,Early,Greedy,63,10.989192008972168,100.0
0.75,Early,Greedy,64,12.269618034362793,94.9999988079071
0.75,Early,Greedy,65,11.693242073059082,94.9999988079071
0.75,Early,Greedy,66,13.03144359588623,100.0
0.75,Early,Greedy,67,13.197502136230469,100.0
0.75,Early,Greedy,68,12.826681137084961,100.0
0.75,Early,Greedy,69,9.31088924407959,100.0
0.75,Early,Greedy,70,12.305685997009277,100.0
0.75,Early,Greedy,71,9.409832954406738,100.0
0.75,Early,Greedy,72,13.921378135681152,100.0
0.75,Early,Greedy,73,10.855937957763672,100.0
0.75,Early,Greedy,74,10.371662139892578,100.0
0.75,Early,Greedy,75,13.090571403503418,100.0
0.75,Early,Greedy,76,11.340989112854004,100.0
0.75,Early,Greedy,77,12.792891502380371,100.0
0.75,Early,Greedy,78,11.25768756866455,100.0
0.75,Early,Greedy,79,10.917203903198242,100.0
0.75,Early,Greedy,80,10.537496566772461,100.0
0.75,Early,Greedy,81,11.141716957092285,100.0
0.75,Early,Greedy,82,10.619800567626953,100.0
0.75,Early,Greedy,83,9.720949172973633,94.9999988079071
0.75,Early,Greedy,84,10.884135246276855,100.0
0.75,Early,Greedy,85,11.558079719543457,100.0
0.75,Early,Greedy,86,9.674888610839844,100.0
0.75,Early,Greedy,87,10.033472061157227,100.0
0.75,Early,Greedy,88,11.816473007202148,100.0
0.75,Early,Greedy,89,11.444741249084473,100.0
0.75,Early,Greedy,90,10.901189804077148,100.0
0.75,Early,Greedy,91,11.725529670715332,100.0
0.75,Early,Greedy,92,9.691305160522461,100.0
0.75,Early,Greedy,93,10.939224243164062,100.0
0.75,Early,Greedy,94,11.083742141723633,100.0
0.75,Early,Greedy,95,9.624393463134766,94.9999988079071
0.75,Early,Greedy,96,9.13921070098877,100.0
0.75,Early,Greedy,97,11.090288162231445,100.0
0.75,Early,Greedy,98,11.477168083190918,100.0
0.75,Early,Greedy,99,9.70809268951416,100.0
0.75,Early,Greedy,100,10.97563648223877,100.0
0.75,Late,DVNDA,1,11.642718315124512,100.0
0.75,Late,DVNDA,2,11.237963676452637,100.0
0.75,Late,DVNDA,3,10.945321083068848,100.0
0.75,Late,DVNDA,4,13.31234359741211,100.0
0.75,Late,DVNDA,5,7.804853916168213,100.0
0.75,Late,DVNDA,6,9.387861251831055,100.0
0.75,Late,DVNDA,7,12.718835830688477,100.0
0.75,Late,DVNDA,8,9.197989463806152,100.0
0.75,Late,DVNDA,9,10.960492134094238,100.0
0.75,Late,DVNDA,10,9.175240516662598,100.0
0.75,Late,DVNDA,11,10.236605644226074,100.0
0.75,Late,DVNDA,12,11.239058494567871,100.0
0.75,Late,DVNDA,13,11.213910102844238,100.0
0.75,Late,DVNDA,14,11.079139709472656,100.0
0.75,Late,DVNDA,15,10.081578254699707,100.0
0.75,Late,DVNDA,16,12.264875411987305,100.0
0.75,Late,DVNDA,17,11.05386734008789,100.0
0.75,Late,DVNDA,18,8.59572696685791,100.0
0.75,Late,DVNDA,19,10.585872650146484,100.0
0.75,Late,DVNDA,20,12.718029975891113,100.0
0.75,Late,DVNDA,21,9.750448226928711,100.0
0.75,Late,DVNDA,22,10.033771514892578,100.0
0.75,Late,DVNDA,23,11.953445434570312,100.0
0.75,Late,DVNDA,24,11.048709869384766,100.0
0.75,Late,DVNDA,25,10.340963363647461,100.0
0.75,Late,DVNDA,26,9.005855560302734,100.0
0.75,Late,DVNDA,27,11.142407417297363,100.0
0.75,Late,DVNDA,28,9.120866775512695,100.0
0.75,Late,DVNDA,29,11.794174194335938,100.0
0.75,Late,DVNDA,30,10.171812057495117,100.0
0.75,Late,DVNDA,31,9.314184188842773,100.0
0.75,Late,DVNDA,32,13.117661476135254,100.0
0.75,Late,DVNDA,33,10.33120346069336,100.0
0.75,Late,DVNDA,34,11.518720626831055,100.0
0.75,Late,DVNDA,35,11.02968692779541,100.0
0.75,Late,DVNDA,36,9.707112312316895,100.0
0.75,Late,DVNDA,37,10.422282218933105,100.0
0.75,Late,DVNDA,38,8.748528480529785,100.0
0.75,Late,DVNDA,39,10.963449478149414,100.0
0.75,Late,DVNDA,40,11.123642921447754,100.0
0.75,Late,DVNDA,41,9.718425750732422,100.0
0.75,Late,DVNDA,42,10.287654876708984,100.0
0.75,Late,DVNDA,43,9.487638473510742,100.0
0.75,Late,DVNDA,44,9.844123840332031,100.0
0.75,Late,DVNDA,45,10.669137001037598,100.0
0.75,Late,DVNDA,46,11.966492652893066,100.0
0.75,Late,DVNDA,47,9.545994758605957,100.0
0.75,Late,DVNDA,48,9.971755027770996,100.0
0.75,Late,DVNDA,49,10.804317474365234,100.0
0.75,Late,DVNDA,50,11.89478874206543,100.0
0.75,Late,DVNDA,51,12.91199016571045,100.0
0.75,Late,DVNDA,52,11.874329566955566,100.0
0.75,Late,DVNDA,53,12.599151611328125,100.0
0.75,Late,DVNDA,54,12.62043285369873,100.0
0.75,Late,DVNDA,55,11.904964447021484,100.0
0.75,Late,DVNDA,56,10.620439529418945,100.0
0.75,Late,DVNDA,57,11.483724594116211,100.0
0.75,Late,DVNDA,58,12.395570755004883,100.0
0.75,Late,DVNDA,59,10.770665168762207,100.0
0.75,Late,DVNDA,60,12.378623008728027,100.0
0.75,Late,DVNDA,61,10.644925117492676,100.0
0.75,Late,DVNDA,62,11.869277954101562,100.0
0.75,Late,DVNDA,63,11.12759017944336,100.0
0.75,Late,DVNDA,64,12.113099098205566,94.9999988079071
0.75,Late,DVNDA,65,12.390217781066895,100.0
0.75,Late,DVNDA,66,12.697420120239258,100.0
0.75,Late,DVNDA,67,8.693836212158203,100.0
0.75,Late,DVNDA,68,11.89621639251709,100.0
0.75,Late,DVNDA,69,11.04347038269043,100.0
0.75,Late,DVNDA,70,10.684920310974121,100.0
0.75,Late,DVNDA,71,10.905233383178711,100.0
0.75,Late,DVNDA,72,12.95998477935791,100.0
0.75,Late,DVNDA,73,13.924131393432617,100.0
0.75,Late,DVNDA,74,13.558308601379395,100.0
0.75,Late,DVNDA,75,11.499295234680176,100.0
0.75,Late,DVNDA,76,13.035396575927734,100.0
0.75,Late,DVNDA,77,12.537651062011719,100.0
0.75,Late,DVNDA,78,11.292012214660645,100.0
0.75,Late,DVNDA,79,12.838696479797363,100.0
0.75,Late,DVNDA,80,11.797412872314453,100.0
0.75,Late,DVNDA,81,13.09975814819336,100.0
0.75,Late,DVNDA,82,9.86998462677002,100.0
0.75,Late,DVNDA,83,10.059414863586426,100.0
0.75,Late,DVNDA,84,10.453518867492676,100.0
0.75,Late,DVNDA,85,11.827376365661621,100.0
0.75,Late,DVNDA,86,9.9190092086792,100.0
0.75,Late,DVNDA,87,10.7361421585083,100.0
0.75,Late,DVNDA,88,9.893363952636719,100.0
0.75,Late,DVNDA,89,10.775619506835938,100.0
0.75,Late,DVNDA,90,12.660433769226074,100.0
0.75,Late,DVNDA,91,12.557509422302246,100.0
0.75,Late,DVNDA,92,10.155681610107422,100.0
0.75,Late,DVNDA,93,12.0336275100708,100.0
0.75,Late,DVNDA,94,10.86553955078125,100.0
0.75,Late,DVNDA,95,11.300765037536621,94.9999988079071
0.75,Late,DVNDA,96,10.946593284606934,100.0
0.75,Late,DVNDA,97,11.575431823730469,100.0
0.75,Late,DVNDA,98,12.327363967895508,100.0
0.75,Late,DVNDA,99,12.01903247833252,100.0
0.75,Late,DVNDA,100,11.30911636352539,100.0
0.75,Late,Greedy,1,12.811588287353516,100.0
0.75,Late,Greedy,2,9.360466003417969,94.9999988079071
0.75,Late,Greedy,3,11.555357933044434,100.0
0.75,Late,Greedy,4,11.64805793762207,100.0
0.75,Late,Greedy,5,9.579977035522461,100.0
0.75,Late,Greedy,6,9.919879913330078,100.0
0.75,Late,Greedy,7,12.022634506225586,100.0
0.75,Late,Greedy,8,9.667389869689941,100.0
0.75,Late,Greedy,9,10.66547679901123,100.0
0.75,Late,Greedy,10,9.464141845703125,100.0
0.75,Late,Greedy,11,8.782044410705566,100.0
0.75,Late,Greedy,12,12.867855072021484,100.0
0.75,Late,Greedy,13,10.244683265686035,100.0
0.75,Late,Greedy,14,11.500680923461914,100.0
0.75,Late,Greedy,15,8.670001029968262,100.0
0.75,Late,Greedy,16,13.31882095336914,100.0
0.75,Late,Greedy,17,9.816690444946289,94.9999988079071
0.75,Late,Greedy,18,9.82458209991455,100.0
0.75,Late,Greedy,19,11.251797676086426,100.0
0.75,Late,Greedy,20,12.627591133117676,100.0
0.75,Late,Greedy,21,10.00472640991211,100.0
0.75,Late,Greedy,22,10.203369140625,100.0
0.75,Late,Greedy,23,11.111831665039062,100.0
0.75,Late,Greedy,24,10.036017417907715,100.0
0.75,Late,Greedy,25,7.229826927185059,94.9999988079071
0.75,Late,Greedy,26,10.361316680908203,100.0
0.75,Late,Greedy,27,13.122397422790527,100.0
0.75,Late,Greedy,28,10.55107307434082,100.0
0.75,Late,Greedy,29,11.140106201171875,100.0
0.75,Late,Greedy,30,11.456544876098633,100.0
0.75,Late,Greedy,31,9.166851997375488,100.0
0.75,Late,Greedy,32,12.139698028564453,100.0
0.75,Late,Greedy,33,8.536422729492188,100.0
0.75,Late,Greedy,34,11.764732360839844,100.0
0.75,Late,Greedy,35,11.670367240905762,100.0
0.75,Late,Greedy,36,11.955857276916504,100.0
0.75,Late,Greedy,37,10.305769920349121,100.0
0.75,Late,Greedy,38,10.092963218688965,100.0
0.75,Late,Greedy,39,11.34517765045166,100.0
0.75,Late,Greedy,40,11.66575813293457,100.0
0.75,Late,Greedy,41,10.220375061035156,100.0
0.75,Late,Greedy,42,9.428193092346191,100.0
0.75,Late,Greedy,43,10.127934455871582,100.0
0.75,Late,Greedy,44,10.88331413269043,100.0
0.75,Late,Greedy,45,10.59434986114502,100.0
0.75,Late,Greedy,46,12.733449935913086,100.0
0.75,Late,Greedy,47,10.08181095123291,100.0
0.75,Late,Greedy,48,11.012129783630371,100.0
0.75,Late,Greedy,49,11.272320747375488,100.0
0.75,Late,Greedy,50,10.652959823608398,100.0
0.75,Late,Greedy,51,10.270539283752441,100.0
0.75,Late,Greedy,52,11.617494583129883,94.9999988079071
0.75,Late,Greedy,53,10.997591018676758,100.0
0.75,Late,Greedy,54,12.468144416809082,100.0
0.75,Late,Greedy,55,11.413405418395996,100.0
0.75,Late,Greedy,56,11.26009750366211,100.0
0.75,Late,Greedy,57,12.758115768432617,100.0
0.75,Late,Greedy,58,10.963996887207031,100.0
0.75,Late,Greedy,59,11.48251724243164,100.0
0.75,Late,Greedy,60,12.011937141418457,100.0
0.75,Late,Greedy,61,10.342366218566895,100.0
0.75,Late,Greedy,62,10.426939010620117,100.0
0.75,Late,Greedy,63,10.634658813476562,100.0
0.75,Late,Greedy,64,13.329177856445312,100.0
0.75,Late,Greedy,65,10.13151741027832,89.99999761581421
0.75,Late,Greedy,66,11.790400505065918,100.0
0.75,Late,Greedy,67,10.984686851501465,100.0
0.75,Late,Greedy,68,12.792126655578613,100.0
0.75,Late,Greedy,69,9.883142471313477,100.0
0.75,Late,Greedy,70,9.903120994567871,100.0
0.75,Late,Greedy,71,10.45974063873291,94.9999988079071
0.75,Late,Greedy,72,13.732773780822754,100.0
0.75,Late,Greedy,73,10.385775566101074,100.0
0.75,Late,Greedy,74,13.572114944458008,100.0
0.75,Late,Greedy,75,11.285262107849121,100.0
0.75,Late,Greedy,76,9.441871643066406,100.0
0.75,Late,Greedy,77,13.064455032348633,100.0
0.75,Late,Greedy,78,12.270953178405762,94.9999988079071
0.75,Late,Greedy,79,11.843061447143555,100.0
0.75,Late,Greedy,80,9.861513137817383,100.0
0.75,Late,Greedy,81,10.601935386657715,100.0
0.75,Late,Greedy,82,10.732147216796875,100.0
0.75,Late,Greedy,83,7.7954535484313965,100.0
0.75,Late,Greedy,84,9.455002784729004,100.0
0.75,Late,Greedy,85,11.043469429016113,100.0
0.75,Late,Greedy,86,8.932344436645508,100.0
0.75,Late,Greedy,87,11.789022445678711,100.0
0.75,Late,Greedy,88,10.895005226135254,100.0
0.75,Late,Greedy,89,9.222054481506348,100.0
0.75,Late,Greedy,90,9.63508129119873,100.0
0.75,Late,Greedy,91,12.238554954528809,94.9999988079071
0.75,Late,Greedy,92,9.145308494567871,100.0
0.75,Late,Greedy,93,11.028709411621094,100.0
0.75,Late,Greedy,94,12.110021591186523,100.0
0.75,Late,Greedy,95,9.867406845092773,94.9999988079071
0.75,Late,Greedy,96,9.510261535644531,100.0
0.75,Late,Greedy,97,12.558357238769531,100.0
0.75,Late,Greedy,98,11.55478572845459,100.0
0.75,Late,Greedy,99,12.167549133300781,100.0
0.75,Late,Greedy,100,12.897015571594238,100.0
