dynamic_rate,pattern,method,instances,cost_mean,cost_sd,qos_mean_percent,qos_sd_percent,time_s,source
0.1,Early,DVNDA,100,8.550573348999023,1.0943362712860107,99.90000128746033,0.7035266142338514,0.3762409,local paired test
0.1,Early,Greedy,100,9.034172058105469,1.0370559692382812,99.6500015258789,1.4659437350928783,0.39373660000000044,local paired test
0.1,Late,DVNDA,100,8.619022369384766,1.0950111150741577,99.85000491142273,0.8572332561016083,0.35076270000000065,local paired test
0.1,Late,Greedy,100,9.138969421386719,1.0242537260055542,99.6999979019165,1.3889902271330357,0.3954430999999996,local paired test
0.1,Uniform,DVNDA,100,8.31,1.22,100.0,,,manuscript Table I
0.1,Uniform,Greedy,100,9.07,1.12,99.9,,,manuscript Table I
0.25,Early,DVNDA,100,9.313265800476074,1.1515904664993286,99.85000491142273,0.8572332561016083,0.36256040000000045,local paired test
0.25,Early,Greedy,100,9.656082153320312,1.1895948648452759,99.64999556541443,1.2821624055504799,0.4249267999999997,local paired test
0.25,Late,DVNDA,100,9.24233627319336,1.0915846824645996,99.85000491142273,0.8572332561016083,0.35107080000000046,local paired test
0.25,Late,Greedy,100,9.654237747192383,1.1703379154205322,99.6999979019165,1.1934165842831135,0.4338405999999999,local paired test
0.25,Uniform,DVNDA,100,8.95,1.3,100.0,,,manuscript Table I
0.25,Uniform,Greedy,100,9.69,1.25,99.9,,,manuscript Table I
0.5,Early,DVNDA,100,10.029502868652344,1.115026831626892,99.90000128746033,0.7035266142338514,0.40361080000000005,local paired test
0.5,Early,Greedy,100,11.06279182434082,1.2427774667739868,99.59999918937683,1.6937203705310822,0.5008788000000006,local paired test
0.5,Late,DVNDA,100,10.222616195678711,1.2211601734161377,99.90000128746033,0.7035266142338514,0.3528596000000004,local paired test
0.5,Late,Greedy,100,10.860276222229004,1.2435708045959473,99.6999979019165,1.1934165842831135,0.48578659999999907,local paired test
0.5,Uniform,DVNDA,100,10.47,1.53,100.0,,,manuscript Table I
0.5,Uniform,Greedy,100,11.25,1.43,99.9,,,manuscript Table I
0.75,Early,DVNDA,100,10.872845649719238,1.3882662057876587,99.85000491142273,0.8572332561016083,0.3654142,local paired test
0.75,Early,Greedy,100,11.20766830444336,1.344130516052246,99.80000257492065,0.9847321547567844,0.55307,local paired test
0.75,Late,DVNDA,100,11.117358207702637,1.2533636093139648,99.90000128746033,0.7035265676677227,0.3456060000000001,local paired test
0.75,Late,Greedy,100,10.910264015197754,1.3143205642700195,99.50000047683716,1.6666671261191368,0.5105070999999999,local paired test
0.75,Uniform,DVNDA,100,11.78,1.44,100.0,,,manuscript Table I
0.75,Uniform,Greedy,100,12.43,1.51,99.45,,,manuscript Table I
