city,dynamic_rate,condition,n,dvnda_normalized_cost,greedy_normalized_cost,dvnda_minus_greedy_cost,relative_gain_percent,delta_ci_low,delta_ci_high,paired_t_pvalue
Vienna,0.1,Off-peak,100,11.335953712463379,12.902020454406738,-1.566068410873413,12.138151132820928,-1.8076953669992302,-1.324441397527137,7.67680829737528e-23
Vienna,0.1,Peak-aware,100,11.326436996459961,12.886595726013184,-1.560158133506775,12.106833819608772,-1.7983994428173633,-1.3219166811450391,4.024076549014203e-23
Vienna,0.25,Off-peak,100,12.058483123779297,13.939580917358398,-1.8810993432998657,13.494650985071196,-2.1858036857678713,-1.5763951438830075,1.5057545003475834e-21
Vienna,0.25,Peak-aware,100,12.04000473022461,13.912796974182129,-1.8727918863296509,13.46093274726028,-2.1744057441738303,-1.5711779045078105,1.0642423641081448e-21
Vienna,0.5,Off-peak,100,13.586616516113281,15.882787704467773,-2.296173334121704,14.456978403788568,-2.592361806964146,-1.9999852808959617,5.390096197699761e-28
Vienna,0.5,Peak-aware,100,13.563360214233398,15.847949981689453,-2.2845911979675293,14.415680072789506,-2.578164430358468,-1.991018060944022,4.125346312686499e-28
Vienna,0.75,Off-peak,100,15.094120979309082,16.70484161376953,-1.6107211112976074,9.642238290560972,-1.9227236820023337,-1.298718426151963,3.2203485493128636e-17
Vienna,0.75,Peak-aware,100,15.036656379699707,16.68105125427246,-1.6443934440612793,9.857861171378996,-1.9549467803181513,-1.3338396309672491,8.614539255391704e-18
London,0.1,Off-peak,100,9.517955780029297,11.228397369384766,-1.710442066192627,15.233176499605735,-1.8984442870128093,-1.522439473439461,4.4024757252471555e-33
London,0.1,Peak-aware,100,9.524238586425781,11.239233016967773,-1.7149943113327026,15.258998794249393,-1.9035269528715248,-1.5264617842347985,4.4557827470049755e-33
London,0.25,Off-peak,100,10.197822570800781,11.84622573852539,-1.648402214050293,13.91500722769277,-1.883296216669205,-1.4135083067988126,4.702331919800454e-25
London,0.25,Peak-aware,100,10.192892074584961,11.846288681030273,-1.6533970832824707,13.957085218537122,-1.8903503430453272,-1.4164440237912206,6.841162902172149e-25
London,0.5,Off-peak,100,11.416626930236816,13.099800109863281,-1.6831748485565186,12.848846283991364,-1.925484546158271,-1.4408654370570608,9.189150796881685e-25
London,0.5,Peak-aware,100,11.433849334716797,13.100318908691406,-1.6664689779281616,12.720832107903803,-1.9086031046398428,-1.424334765385792,1.6798401165077314e-24
London,0.75,Off-peak,100,12.494593620300293,13.793081283569336,-1.2984892129898071,9.414050686526686,-1.576040588056487,-1.0209377330189526,4.01089352180541e-15
London,0.75,Peak-aware,100,12.48735237121582,13.818373680114746,-1.3310215473175049,9.632257309804297,-1.605699124413356,-1.0563441228095445,7.566941504795814e-16
New_York,0.1,Off-peak,100,10.093932151794434,11.275233268737793,-1.181301236152649,10.47695501093256,-1.409588235581653,-0.953014351164563,2.854542054544358e-17
New_York,0.1,Peak-aware,100,10.10010814666748,11.274330139160156,-1.174221396446228,10.415004510238207,-1.4027045481937186,-0.9457383782131418,4.062164965928309e-17
New_York,0.25,Off-peak,100,10.695703506469727,12.060677528381348,-1.3649749755859375,11.31755673509673,-1.5903587876922003,-1.1395904768341667,4.722543762335294e-21
New_York,0.25,Peak-aware,100,10.694902420043945,12.059828758239746,-1.3649265766143799,11.317957871194729,-1.590915795512472,-1.1389373004958288,5.544370136253823e-21
New_York,0.5,Off-peak,100,11.799205780029297,13.362030029296875,-1.562825322151184,11.696009108204464,-1.8190643353157567,-1.3065862422294094,3.1081619716739304e-21
New_York,0.5,Peak-aware,100,11.799609184265137,13.369867324829102,-1.5702567100524902,11.744754846204403,-1.8247028543026151,-1.3158103750675019,1.539127419901425e-21
New_York,0.75,Off-peak,100,12.976000785827637,14.169593811035156,-1.1935925483703613,8.423622025621931,-1.4767714803006546,-0.9104135401461226,3.971292763374992e-13
New_York,0.75,Peak-aware,100,12.98050308227539,14.200019836425781,-1.219517707824707,8.588134158954452,-1.5026608951923253,-0.9363745967510342,1.5998782642760702e-13
