city,dynamic_rate,method,n,offpeak_driving_min,peak_driving_min,peak_driving_increase_min,peak_driving_increase_percent,driving_delta_ci_low,driving_delta_ci_high,paired_t_pvalue,offpeak_completion_min,peak_completion_min,peak_completion_increase_min
Vienna,0.1,DVNDA,100,45.305335998535156,47.8196907043457,2.5143651962280273,5.5498213197432715,2.2929498074081502,2.7357805469009318,9.2702723329594e-41,490.728271484375,490.7388916015625,0.010626831091940403
Vienna,0.1,Greedy,100,50.27897644042969,53.56633758544922,3.287351608276367,6.5382230128952745,2.9762104608401914,3.598493022741352,3.440065095361214e-38,389.6437072753906,390.13690185546875,0.4931291937828064
Vienna,0.25,DVNDA,100,47.882320404052734,50.849369049072266,2.9670419692993164,6.196529207987563,2.7331773000032427,3.200907020065117,8.006721353276315e-45,499.0771484375,499.1337890625,0.05663452297449112
Vienna,0.25,Greedy,100,53.916988372802734,56.40876388549805,2.4917774200439453,4.621507052313161,2.1528333434523024,2.8307217255174244,2.0995784074524868e-26,480.17242431640625,480.3326416015625,0.160247802734375
Vienna,0.5,DVNDA,100,53.270809173583984,56.963661193847656,3.6928510665893555,6.9322225884651525,3.449288696662085,3.9364135891045167,1.3236183362179567e-51,509.241943359375,509.23016357421875,-0.011829834431409836
Vienna,0.5,Greedy,100,60.73751449584961,64.16386413574219,3.4263434410095215,5.6412309088539585,3.12611561179671,3.72657123207536,6.13351247579657e-41,498.2273864746094,498.26953125,0.04216552898287773
Vienna,0.75,DVNDA,100,58.28886795043945,63.1118049621582,4.8229241371154785,8.274177054212489,4.478740804037756,5.167107355752284,1.4297423343771886e-48,518.357177734375,518.4793090820312,0.12215850502252579
Vienna,0.75,Greedy,100,63.411190032958984,68.6668472290039,5.255651950836182,8.288208986622822,4.878170493069533,5.6331340571013655,2.5133153427599982e-48,505.9048767089844,505.9910583496094,0.08614502102136612
London,0.1,DVNDA,100,49.050865173339844,52.41987228393555,3.369011878967285,6.868404598087319,3.0791588896666213,3.6588647919740036,1.3343702121633645e-41,488.1435546875,488.156982421875,0.013454284518957138
London,0.1,Greedy,100,57.80948257446289,63.00216293334961,5.192682266235352,8.982405714402983,4.741622226433229,5.643741924567747,2.9731269691638197e-41,361.5196228027344,362.3141784667969,0.7945719957351685
London,0.25,DVNDA,100,52.539161682128906,56.81309509277344,4.273940563201904,8.13477114282864,3.9511855214004092,4.596695872032207,1.9941633993682346e-46,496.2149658203125,496.2161865234375,0.0012060547014698386
London,0.25,Greedy,100,60.98078536987305,64.83031463623047,3.8495349884033203,6.312701558457043,3.3868225070493727,4.312247622345159,3.463720374180417e-30,462.8534240722656,463.25457763671875,0.4010723829269409
London,0.5,DVNDA,100,58.78883743286133,64.24195861816406,5.4531168937683105,9.275769230844102,5.087302551145019,5.818931427126465,6.009535043458032e-51,509.3174743652344,509.3213806152344,0.0039001465775072575
London,0.5,Greedy,100,67.3862533569336,72.58976745605469,5.20352029800415,7.721931460474561,4.774473032978006,5.63256691453176,3.7244312784877206e-43,496.8802490234375,496.9872741699219,0.10699768364429474
London,0.75,DVNDA,100,64.27804565429688,70.9030532836914,6.62501335144043,10.306805821495226,6.221827331349519,7.028198761179778,9.502273723258543e-55,523.040283203125,522.9273681640625,-0.11298034340143204
London,0.75,Greedy,100,70.93949890136719,77.84048461914062,6.900972843170166,9.72796953748593,6.4295913880960525,7.372354946742814,2.993436960828006e-50,507.44696044921875,507.4663391113281,0.019344177097082138
New_York,0.1,DVNDA,100,45.991477966308594,48.50434494018555,2.5128610134124756,5.463753557242259,2.302644258757218,2.7230778634351647,1.2669214147842722e-42,488.2409362792969,488.2635192871094,0.022587889805436134
New_York,0.1,Greedy,100,51.07231521606445,54.462371826171875,3.390048027038574,6.637741039733122,3.069831830152949,3.7102641476302543,2.9225390136315936e-38,382.3616027832031,382.9922180175781,0.630624532699585
New_York,0.25,DVNDA,100,48.5711669921875,51.740089416503906,3.1689114570617676,6.524264606554493,2.911555774707042,3.426266414624013,1.0285204334816446e-43,496.24395751953125,496.2566833496094,0.012703551910817623
New_York,0.25,Greedy,100,54.618324279785156,57.445499420166016,2.827172040939331,5.17623357768539,2.526383075554862,3.1279603387517785,3.617202216512273e-34,464.7821044921875,465.0292053222656,0.2471102923154831
New_York,0.5,DVNDA,100,53.658573150634766,57.755653381347656,4.097073554992676,7.635450058448318,3.822328457354612,4.371818423748903,5.815595772460325e-51,510.1399230957031,510.1399230957031,0.0
New_York,0.5,Greedy,100,60.5505256652832,64.50936889648438,3.958829641342163,6.538059905914191,3.5715582728787263,4.346101410348813,4.903722277643885e-37,496.03143310546875,496.0916748046875,0.06021728366613388
New_York,0.75,DVNDA,100,58.91154479980469,64.3026123046875,5.391064643859863,9.151117428986069,5.081460904599149,5.700668917178195,4.829488787484098e-57,518.6447143554688,518.6536865234375,0.008971557952463627
New_York,0.75,Greedy,100,64.32769012451172,69.95930480957031,5.631610870361328,8.754567215861266,5.253339246146451,6.0098814264609715,6.732976116415333e-51,506.66839599609375,506.7315979003906,0.06320037692785263
