city,dynamic_rate,condition,method,n,normalized_road_cost_mean,normalized_road_cost_sd,normalized_road_cost_ci_low,normalized_road_cost_ci_high,road_distance_km_mean,road_distance_km_sd,road_distance_km_ci_low,road_distance_km_ci_high,qos_percent_mean,qos_percent_sd,qos_percent_ci_low,qos_percent_ci_high,driving_time_min_mean,driving_time_min_sd,driving_time_min_ci_low,driving_time_min_ci_high,completion_time_min_mean,completion_time_min_sd,completion_time_min_ci_low,completion_time_min_ci_high,inference_ms_per_instance_mean,inference_ms_per_instance_sd,inference_ms_per_instance_ci_low,inference_ms_per_instance_ci_high
Vienna,0.1,Off-peak,DVNDA,100,11.335953207015992,1.2443253700466226,11.08905205777211,11.582854356259874,30.11223751068115,3.3043217109199046,29.456588395476608,30.767886625885694,100.0,0.0,100.0,100.0,45.30533094406128,5.587429249885961,44.196663760763364,46.4139981273592,490.72825134277343,11.276862605680698,488.49067714857085,492.965825536976,85.98053900000001,0.0,85.98053900000001,85.98053900000001
Vienna,0.1,Off-peak,Greedy,100,12.902021589279174,1.3953805743306849,12.625147810339888,13.17889536821846,34.27735149383545,3.728039983401142,33.53762748073878,35.017075506932116,99.95,0.5000000000000001,99.85078915242457,100.04921084757544,50.278980236053464,5.938349140093368,49.100682933278435,51.45727753882849,389.6437577056885,121.07606332994798,365.6196399775663,413.66787543381065,3.0558139999999945,0.0,3.0558139999999945,3.0558139999999945
Vienna,0.1,Peak-aware,DVNDA,100,11.326437273025512,1.2409192278040444,11.080211976299326,11.572662569751698,30.087535343170167,3.2963058124983315,29.433476756118587,30.741593930221747,100.0,0.0,100.0,100.0,47.81969612121582,5.846935479500855,46.659537271935505,48.979854970496135,490.73887817382814,11.271384247847068,488.50239100467354,492.97536534298274,77.01733400000002,0.0,77.01733400000002,77.01733400000002
Vienna,0.1,Peak-aware,Greedy,100,12.886595335006714,1.387961103306267,12.611193740085215,13.161996929928213,34.23666034698486,3.7076848613634756,33.50097523170791,34.97234546226181,99.95,0.5000000000000001,99.85078915242457,100.04921084757544,53.566331977844236,6.434180762397875,52.289650924062144,54.84301303162633,390.13688690185546,120.71757717166992,366.183900604947,414.08987319876394,2.976665999999996,1.3389793477436902e-15,2.9766659999999954,2.9766659999999963
Vienna,0.25,Off-peak,DVNDA,100,12.058482007980347,1.3091616340604546,11.79871593732359,12.318248078637103,32.028165321350095,3.4737940898911837,31.338889209428817,32.71744143327137,100.0,0.0,100.0,100.0,47.88232536315918,5.8123435107673425,46.729030310953576,49.03562041536479,499.07712707519534,14.92908940524035,496.1148718483487,502.039382302042,77.34144200000003,0.0,77.34144200000003,77.34144200000003
Vienna,0.25,Off-peak,Greedy,100,13.939581422805785,1.6367797797225165,13.614808804324579,14.264354041286992,37.02426347732544,4.35079309459497,36.160971736245216,37.887555218405666,99.95,0.5000000000000001,99.85078915242457,100.04921084757544,53.916988639831544,6.481270198968716,52.63096402022136,55.203013259441725,480.17239654541015,40.476748889228716,472.14093141661334,488.20386167420696,3.2142560000000135,8.926528984957934e-16,3.2142560000000135,3.2142560000000135
Vienna,0.25,Peak-aware,DVNDA,100,12.040004692077638,1.3104942793509986,11.779974195683296,12.300035188471979,31.979344005584718,3.4774754103386782,31.289337439819857,32.66935057134958,100.0,0.0,100.0,100.0,50.84936752319336,5.936786748064178,49.671380232893256,52.02735481349346,499.1337615966797,14.957150496050536,496.1659384406267,502.10158475273266,79.00190999999998,1.4282446375932695e-14,79.00190999999998,79.00190999999998
Vienna,0.25,Peak-aware,Greedy,100,13.912796516418457,1.6250414974845908,13.59035302779706,14.235240005039854,36.95625486373901,4.320872143229818,36.098900088549186,37.81360963892884,99.95,0.5000000000000001,99.85078915242457,100.04921084757544,56.408766174316405,6.717236550385072,55.07592071125963,57.74161163737318,480.3326443481445,40.10874602934172,472.3741989706269,488.2910897256622,3.3907179999999926,0.0,3.3907179999999926,3.3907179999999926
Vienna,0.5,Off-peak,DVNDA,100,13.586614751815796,1.6943228279343028,13.250424344164259,13.922805159467334,36.08909666061401,4.507663513243705,35.19467842514648,36.983514896081545,100.0,0.0,100.0,100.0,53.27080558776856,7.165029865869166,51.8491082159762,54.69250295956091,509.24191986083986,18.027923041783605,505.66478881083975,512.8190509108399,74.65139100000002,0.0,74.65139100000002,74.65139100000002
Vienna,0.5,Off-peak,Greedy,100,15.882788295745849,2.0055752094499217,15.484838662934237,16.28073792855746,42.190373458862304,5.333082298092259,41.13217422889575,43.24857268882886,99.85,0.8572330399888264,99.67990636706608,100.02009363293391,60.73752403259277,7.501293919986616,59.249104577164125,62.22594348802142,498.2273880004883,21.190633409459405,494.02270659806277,502.43206940291384,3.720400999999995,4.463264492478967e-16,3.720400999999995,3.720400999999995
Vienna,0.5,Peak-aware,DVNDA,100,13.56335886001587,1.6830849904022358,13.229398283137275,13.897319436894463,36.02685667037964,4.47670528502562,35.138581219034,36.91513212172527,100.0,0.0,100.0,100.0,56.963656730651856,7.588784714899397,55.457877203386516,58.469436257917195,509.23009002685546,18.05412660050005,505.64775962231585,512.812420431395,73.20436099999995,0.0,73.20436099999995,73.20436099999995
Vienna,0.5,Peak-aware,Greedy,100,15.847950105667115,2.002434079109613,15.450623741262318,16.24527647007191,42.099799423217775,5.324373204840286,41.04332826629751,43.15627058013804,99.85,0.8572330399888264,99.67990636706608,100.02009363293391,64.16386745452881,7.9673477104379575,62.582972815967324,65.7447620930903,498.26955352783204,21.19015534407564,494.06496698395034,502.47414007171375,3.749956999999995,0.0,3.749956999999995,3.749956999999995
Vienna,0.75,Off-peak,DVNDA,100,15.094122886657715,1.6574560604860735,14.765247645497988,15.422998127817442,40.094971866607665,4.4007672510398255,39.22176416869192,40.96817956452341,100.0,0.0,100.0,100.0,58.28887470245361,6.888476548654747,56.922051508662534,59.65569789624469,518.3571136474609,19.490237710693854,514.4898276420116,522.2243996529102,68.59737399999999,1.4282446375932695e-14,68.59737399999999,68.59737399999999
Vienna,0.75,Off-peak,Greedy,100,16.704843940734865,1.7828667229841446,16.351084503332277,17.05860337813745,44.36500782012939,4.731117310152328,43.42625150349135,45.303764136767434,99.3,1.8829377433825438,98.92638430109449,99.67361569890551,63.41119125366211,7.101098883984818,62.002179175667905,64.82020333165632,505.90489776611327,12.766677815621838,503.3717119124926,508.43808361973396,4.365135999999979,8.926528984957934e-16,4.365135999999979,4.365135999999979
Vienna,0.75,Peak-aware,DVNDA,100,15.036659030914306,1.648500641881447,14.709560739094895,15.363757322733717,39.9443302154541,4.378689171202052,39.07550328756544,40.813157143342764,100.0,0.0,100.0,100.0,63.111798782348636,7.314662469766775,61.66041105564108,64.5631865090562,518.4792721557617,19.386366778482824,514.6325963967587,522.3259479147647,75.74677800000003,0.0,75.74677800000003,75.74677800000003
Vienna,0.75,Peak-aware,Greedy,100,16.681052236557008,1.8113810804034216,16.32163493201915,17.040469541094865,44.306231575012205,4.807989012120967,43.352222244960416,45.260240905063995,99.35,1.8333333333333333,98.9862268922234,99.71377310777659,68.66684352874756,7.466985241396094,67.18523165948324,70.14845539801189,505.99104278564454,12.81060693348738,503.4491404419905,508.5329451292986,4.7377699999999825,8.926528984957934e-16,4.7377699999999825,4.7377699999999825
London,0.1,Off-peak,DVNDA,100,9.517955656051635,1.0864635088905146,9.302377724898019,9.733533587205251,26.155916328430177,2.974378268393434,25.565735150395646,26.746097506464707,100.0,0.0,100.0,100.0,49.05086654663086,5.5735464288983865,47.94495401620677,50.15677907705494,488.14359191894533,9.752551426604446,486.20847413283246,490.0787097050582,80.16708199999995,1.4282446375932695e-14,80.16708199999995,80.16708199999995
London,0.1,Off-peak,Greedy,100,11.228397536277772,1.2906505306316918,10.972304470142463,11.48449060241308,30.85250316619873,3.5434801703824537,30.149399824057955,31.555606508339505,99.85,0.8572330399888264,99.67990636706608,100.02009363293391,57.809482917785644,6.636941311268264,56.49256977218697,59.12639606338432,361.5195616912842,113.66038429698456,338.9668755675774,384.072247814991,2.8899770000001013,0.0,2.8899770000001013,2.8899770000001013
London,0.1,Peak-aware,DVNDA,100,9.524238691329955,1.0845952938214691,9.309031454577246,9.739445928082665,26.173200969696044,2.968712204572997,25.5841440616496,26.76225787774249,100.0,0.0,100.0,100.0,52.41987838745117,5.896040041428714,51.24997612775349,53.58978064714885,488.1570462036133,9.74530211051283,486.223366839088,490.09072556813857,80.14727699999993,1.4282446375932695e-14,80.14727699999993,80.14727699999993
London,0.1,Peak-aware,Greedy,100,11.239233059883118,1.2929810699591213,10.982677564183845,11.49578855558239,30.881694946289063,3.5493838879956012,30.177420178491797,31.58596971408633,99.85,0.8572330399888264,99.67990636706608,100.02009363293391,63.00216499328613,7.609621858707303,61.49225092462432,64.51207906194793,362.314133682251,113.34526366229852,339.8239743290556,384.8042930354464,2.866044000000015,1.3389793477436902e-15,2.8660440000000147,2.8660440000000156
London,0.25,Off-peak,DVNDA,100,10.197822513580322,1.2554254405754537,9.948718869525814,10.44692615763483,28.02528549194336,3.4408539586377107,27.342545416703892,28.70802556718283,100.0,0.0,100.0,100.0,52.53916114807129,6.419645661673211,51.265364173614174,53.8129581225284,496.214951171875,13.595588181377181,493.51729151835303,498.91261082539694,78.816947,2.856489275186539e-14,78.816947,78.816947
London,0.25,Off-peak,Greedy,100,11.846224775314331,1.290183396115522,11.590224398801585,12.102225151827078,32.55122615814209,3.5464855379061326,31.847526485882717,33.25492583040147,100.0,0.0,100.0,100.0,60.98078392028808,6.6533181778053105,59.66062124906987,62.300946591506296,462.8534794616699,58.06399574713893,451.3323229982898,474.37463592505003,3.323707999999924,1.3389793477436902e-15,3.3237079999999235,3.3237079999999244
London,0.25,Peak-aware,DVNDA,100,10.192892146110534,1.2647600665246446,9.94193630975159,10.443847982469478,28.012268085479736,3.466281650060609,27.324482604604363,28.70005356635511,100.0,0.0,100.0,100.0,56.813101844787596,6.7646127462827375,55.470855916631,58.15534777294419,496.2161572265625,13.594593926611068,493.51869485475663,498.9136195983683,81.58305300000008,1.4282446375932695e-14,81.58305300000008,81.58305300000008
London,0.25,Peak-aware,Greedy,100,11.846289329528808,1.2901556217062118,11.59029446406144,12.102284194996177,32.551914882659915,3.54719894952372,31.84807365405804,33.25575611126179,100.0,0.0,100.0,100.0,64.83031898498535,7.810471820854238,63.280551926363366,66.38008604360734,463.2545518493652,57.54959644926275,451.8354633666541,474.67364033207633,3.1784130000001185,1.3389793477436902e-15,3.178413000000118,3.178413000000119
London,0.5,Off-peak,DVNDA,100,11.41662618637085,1.155992051820055,11.187252283867785,11.646000088873915,31.378422355651857,3.172694884606771,30.74889085845169,32.00795385285202,100.0,0.0,100.0,100.0,58.78883560180664,5.9244145563947574,57.61330322275031,59.96436798086297,509.3174670410156,15.401399198729054,506.2614953043086,512.3734387777226,72.89662800000002,0.0,72.89662800000002,72.89662800000002
London,0.5,Off-peak,Greedy,100,13.099801177978515,1.4140022372534238,12.81923245711557,13.38036989884146,35.987692756652834,3.877021977375666,35.218407483764786,36.75697802954088,99.9,0.7035264706814484,99.76040508510388,100.03959491489613,67.38625354766846,7.263745141289233,65.94496892358997,68.82753817174695,496.8802377319336,27.129928518865423,491.49707132589845,502.2634041379688,3.710628999999983,0.0,3.710628999999983,3.710628999999983
London,0.5,Peak-aware,DVNDA,100,11.433848505020142,1.1584913010629752,11.203978697245692,11.663718312794593,31.424450664520265,3.178891946525335,30.793689535789266,32.05521179325127,100.0,0.0,100.0,100.0,64.24195259094239,6.649433728015083,62.92256067883628,65.5613445030485,509.3213671875,15.39517578166392,506.26663031175667,512.3761040632434,75.11033299999994,0.0,75.11033299999994,75.11033299999994
London,0.5,Peak-aware,Greedy,100,13.10031744003296,1.4161682616191087,12.819318932943638,13.381315947122282,35.98885570526123,3.8831904090116582,35.21834648171154,36.75936492881092,99.9,0.7035264706814484,99.76040508510388,100.03959491489613,72.58977352142334,8.038163378139055,70.99482751803336,74.18471952481332,496.98723541259767,26.782055283110026,491.6730946036987,502.30137622149664,3.76325300000005,1.3389793477436902e-15,3.7632530000000495,3.7632530000000504
London,0.75,Off-peak,DVNDA,100,12.494593410491943,1.479867462580405,12.200955599968125,12.78823122101576,34.329395618438724,4.059229204988584,33.52395647857898,35.13483475829847,100.0,0.0,100.0,100.0,64.27804382324219,7.555292535321286,62.77890987102303,65.77717777546134,523.0403369140626,19.181079694081465,519.234394566339,526.8462792617861,68.79712099999992,0.0,68.79712099999992,68.79712099999992
London,0.75,Off-peak,Greedy,100,13.793082571029663,1.4630152268812862,13.502788609680346,14.08337653237898,37.89148078918457,4.015711836414581,37.094676439365784,38.688285139003355,99.55,1.438117456323307,99.26464629649027,99.83535370350972,70.93950511932373,7.542293412970337,69.44295047499692,72.43605976365053,507.44698028564454,11.808976617647312,505.103823127174,509.7901374441151,4.0639390000001185,0.0,4.0639390000001185,4.0639390000001185
London,0.75,Peak-aware,DVNDA,100,12.487352714538574,1.4553861120126008,12.198572535094002,12.776132893983146,34.30889501571655,3.9918022276290914,33.516834851003374,35.10095518042973,100.0,0.0,100.0,100.0,70.90305686950684,8.334371381222857,69.24933677202772,72.55677696698596,522.9273565673828,19.200254989840893,519.1176094249697,526.737103709796,69.16956200000016,0.0,69.16956200000016,69.16956200000016
London,0.75,Peak-aware,Greedy,100,13.818374338150024,1.464910389686611,13.527704335384287,14.10904434091576,37.961870212554935,4.0216971356482,37.16387824951623,38.75986217559364,99.55,1.438117456323307,99.26464629649027,99.83535370350972,77.84047828674316,8.493921817428085,76.15509992125014,79.52585665223619,507.4663244628906,11.795778090230668,505.12578617860356,509.80686274717766,4.096575000000087,0.0,4.096575000000087,4.096575000000087
New_York,0.1,Off-peak,DVNDA,100,10.093933234214783,1.015705001848339,9.89239532597482,10.295471142454746,25.924781684875487,2.627659031114332,25.403397125643295,26.44616624410768,100.0,0.0,100.0,100.0,45.99148124694824,4.5522738195678905,45.08821135887866,46.89475113501782,488.2409091186523,9.286437176005355,486.39827851227733,490.0835397250273,74.21458099999997,1.4282446375932695e-14,74.21458099999997,74.21458099999997
New_York,0.1,Off-peak,Greedy,100,11.275234527587891,1.2106752660734779,11.035010289016363,11.51545876615942,28.973858680725098,3.139296233515576,28.3509542004902,29.596763160959995,99.9,0.7035264706814484,99.76040508510388,100.03959491489613,51.07231414794922,5.164144853881565,50.04763577203741,52.09699252386103,382.3616471862793,110.69604840983045,360.39714961429814,404.32614475826045,3.081679999999949,0.0,3.081679999999949,3.081679999999949
New_York,0.1,Peak-aware,DVNDA,100,10.100109038352967,1.0237060868609,9.896983541261765,10.303234535444169,25.940827121734618,2.6494413616085954,25.415120475561416,26.46653376790782,100.0,0.0,100.0,100.0,48.504342308044436,4.692280135520417,47.57329212943173,49.43539248665714,488.26349700927733,9.302598462703621,486.4176596529998,490.10933436555484,75.45254699999987,0.0,75.45254699999987,75.45254699999987
New_York,0.1,Peak-aware,Greedy,100,11.274330501556397,1.2067971318566837,11.034875768950188,11.513785234162606,28.973878383636475,3.1290404699658785,28.353008869390177,29.594747897882772,99.9,0.7035264706814484,99.76040508510388,100.03959491489613,54.462362136840824,5.851597003020348,53.30127834016179,55.62344593351986,382.9922717285156,110.4330449625616,361.0799597463721,404.90458371065915,2.8184640000000627,0.0,2.8184640000000627,2.8184640000000627
New_York,0.25,Off-peak,DVNDA,100,10.695701866149902,1.0837988552688111,10.480652660084894,10.910751072214909,27.47691951751709,2.8010861073309314,26.92112326383694,28.03271577119724,100.0,0.0,100.0,100.0,48.57117267608643,4.755956462853259,47.627487732663354,49.5148576195095,496.2439202880859,13.227417343142273,493.6193137163916,498.8685268597802,76.30710099999989,1.4282446375932695e-14,76.30710099999989,76.30710099999989
New_York,0.25,Off-peak,Greedy,100,12.060676498413086,1.1765414090446482,11.827225157615256,12.294127839210915,31.0001824760437,3.061102660644617,30.392793297087763,31.60757165499964,100.0,0.0,100.0,100.0,54.61832302093506,5.1448368303399405,53.59747577578439,55.63917026608573,464.7821072387695,59.652996594199266,452.94565853371955,476.6185559438195,3.206446000000085,0.0,3.206446000000085,3.206446000000085
New_York,0.25,Peak-aware,DVNDA,100,10.694901113510133,1.0872107769350008,10.479174908164397,10.910627318855868,27.47503442764282,2.8071499564035047,26.91803497475055,28.032033880535092,100.0,0.0,100.0,100.0,51.74008377075195,4.956667885423389,50.75657332662637,52.72359421487753,496.25662384033205,13.217618320632836,493.6339616072949,498.8792860733692,81.49884600000009,1.4282446375932695e-14,81.49884600000009,81.49884600000009
New_York,0.25,Peak-aware,Greedy,100,12.059827661514282,1.1739088682144265,11.826898673930538,12.292756649098026,30.99824035644531,3.054721578197699,30.392117322685387,31.604363390205236,100.0,0.0,100.0,100.0,57.44549472808838,5.652706022405274,56.3238752169332,58.56711423924355,465.0292175292969,59.308467963199945,453.26113077923776,476.797304279356,3.4427709999999934,0.0,3.4427709999999934,3.4427709999999934
New_York,0.5,Off-peak,DVNDA,100,11.799204683303833,1.1423961715487103,11.572528498411275,12.02588086819639,30.314532012939452,2.9482348883852962,29.72953824868311,30.899525777195795,100.0,0.0,100.0,100.0,53.65857307434082,4.943487915265765,52.67767782223596,54.63946832644569,510.13995483398435,18.377224665784645,506.493514763631,513.7863949043377,74.36732300000018,1.4282446375932695e-14,74.36732300000018,74.36732300000018
New_York,0.5,Off-peak,Greedy,100,13.362029972076416,1.4062290722297681,13.083003615794151,13.64105632835868,34.3403032875061,3.64039676727416,33.61796958992182,35.062636985090386,99.85,0.8572330399888265,99.67990636706608,100.02009363293391,60.550530967712405,6.077700818104688,59.344583268764254,61.756478666660556,496.031494140625,27.140488696330884,490.646232366276,501.416755914974,3.572964999999897,0.0,3.572964999999897,3.572964999999897
New_York,0.5,Peak-aware,DVNDA,100,11.799609041213989,1.1390686090870759,11.573593116905789,12.025624965522189,30.316411590576173,2.93921351325128,29.733207862866514,30.899615318285832,100.0,0.0,100.0,100.0,57.755646514892575,5.489983736300606,56.66631463558511,58.84497839420004,510.13995483398435,18.377224665784645,506.493514763631,513.7863949043377,72.53578199999993,0.0,72.53578199999993,72.53578199999993
New_York,0.5,Peak-aware,Greedy,100,13.369865655899048,1.407597148875496,13.090567843529643,13.649163468268453,34.36011781692505,3.6431737059916296,33.63723311445312,35.08300251939698,99.85,0.8572330399888265,99.67990636706608,100.02009363293391,64.50936080932617,6.940209201136065,63.1322727349351,65.88644888371724,496.0917114257812,26.915496321165136,490.7510930199087,501.43232983165376,3.6661929999999643,0.0,3.6661929999999643,3.6661929999999643
New_York,0.75,Off-peak,DVNDA,100,12.976000537872315,1.3285334265952973,12.712390683302685,13.239610392441945,33.35495975494385,3.4262477414841723,32.67511787007172,34.034801639815974,100.0,0.0,100.0,100.0,58.91154853820801,5.922878870012308,57.73632087264691,60.08677620376911,518.6447583007813,18.13729018272548,515.0459264372817,522.2435901642809,67.0854699999998,1.4282446375932695e-14,67.0854699999998,67.0854699999998
New_York,0.75,Off-peak,Greedy,100,14.169593048095702,1.4038233310069572,13.891044043064964,14.44814205312644,36.40592182159424,3.6256414848431864,35.68651589216235,37.125327751026134,99.4,1.780931546050317,99.04662454368504,99.75337545631497,64.32768772125245,6.152930512357486,63.10681281884497,65.54856262365992,506.66837005615236,11.129368594251655,504.4600618737221,508.8766782385826,3.9526910000000726,0.0,3.9526910000000726,3.9526910000000726
New_York,0.75,Peak-aware,DVNDA,100,12.980502014160157,1.328953519315899,12.716808804080785,13.24419522423953,33.3675325012207,3.423180500260045,32.68829922355171,34.04676577888969,100.0,0.0,100.0,100.0,64.30261344909668,6.747757478338305,62.96371197177785,65.64151492641551,518.6537298583985,18.145959727809082,515.0531777690672,522.2542819477297,71.55863000000012,1.4282446375932695e-14,71.55863000000012,71.55863000000012
New_York,0.75,Peak-aware,Greedy,100,14.200019760131836,1.3993413484363504,13.922360077680393,14.477679442583279,36.485313968658446,3.612248137050911,35.76856556999924,37.20206236731765,99.4,1.780931546050317,99.04662454368504,99.75337545631497,69.95929805755615,6.799403200374036,68.6101489485237,71.3084471665886,506.7315704345703,11.13469233515608,504.52220590644527,508.94093496269534,3.9147479999999746,0.0,3.9147479999999746,3.9147479999999746
