scale,dynamic_rate,rollouts,time_s
5.0,0.1,20,1.7823015
5.0,0.25,20,0.8721677000000003
5.0,0.5,20,0.8210367999999999
5.0,0.75,20,0.7909385000000002
10.0,0.1,20,0.9334566999999998
10.0,0.25,20,0.9891024000000002
10.0,0.5,20,0.940486400000001
10.0,0.75,20,0.8310478999999997
15.0,0.1,20,0.8673324000000004
15.0,0.25,20,0.8728684000000015
15.0,0.5,20,0.8270236000000004
15.0,0.75,20,0.7898633000000004
20.0,0.1,20,0.8743373000000005
20.0,0.25,20,0.8914662999999994
20.0,0.5,20,0.8447502999999994
20.0,0.75,20,0.8274161000000007
