scale,dynamic_rate,instance,selected_rollout,cost,qos,unserved,selection_objective
5.0,0.1,0,17,8.041596,1.0,0.0,8.041596
5.0,0.1,1,9,8.924828,1.0,0.0,8.924828
5.0,0.1,2,9,7.6666837,1.0,0.0,7.6666837
5.0,0.1,3,19,7.830183,1.0,0.0,7.830183
5.0,0.1,4,17,5.8490715,1.0,0.0,5.8490715
5.0,0.1,5,3,7.1020803,1.0,0.0,7.1020803
5.0,0.1,6,10,9.186562,1.0,0.0,9.186562
5.0,0.1,7,5,7.218222,1.0,0.0,7.218222
5.0,0.1,8,7,7.665329,1.0,0.0,7.665329
5.0,0.1,9,0,7.7389765,1.0,0.0,7.7389765
5.0,0.1,10,7,6.661087,1.0,0.0,6.661087
5.0,0.1,11,2,8.241213,1.0,0.0,8.241213
5.0,0.1,12,8,8.336136,1.0,0.0,8.336136
5.0,0.1,13,4,8.813515,1.0,0.0,8.813515
5.0,0.1,14,16,7.6299725,1.0,0.0,7.6299725
5.0,0.1,15,5,8.34238,1.0,0.0,8.34238
5.0,0.1,16,6,8.1656275,1.0,0.0,8.1656275
5.0,0.1,17,5,6.6142964,1.0,0.0,6.6142964
5.0,0.1,18,17,7.012299,1.0,0.0,7.012299
5.0,0.1,19,2,8.59484,1.0,0.0,8.59484
5.0,0.1,20,8,7.130396,1.0,0.0,7.130396
5.0,0.1,21,15,7.8868003,1.0,0.0,7.8868003
5.0,0.1,22,8,8.398528,1.0,0.0,8.398528
5.0,0.1,23,6,6.712279,1.0,0.0,6.712279
5.0,0.1,24,3,6.8473673,1.0,0.0,6.8473673
5.0,0.1,25,2,6.8248086,1.0,0.0,6.8248086
5.0,0.1,26,11,9.425128,1.0,0.0,9.425128
5.0,0.1,27,10,7.9029045,1.0,0.0,7.9029045
5.0,0.1,28,5,7.2672205,1.0,0.0,7.2672205
5.0,0.1,29,12,8.239093,1.0,0.0,8.239093
5.0,0.1,30,5,8.95072,1.0,0.0,8.95072
5.0,0.1,31,5,9.058289,1.0,0.0,9.058289
5.0,0.1,32,19,5.9426346,1.0,0.0,5.9426346
5.0,0.1,33,11,7.709605,1.0,0.0,7.709605
5.0,0.1,34,16,8.426664,1.0,0.0,8.426664
5.0,0.1,35,1,8.369052,1.0,0.0,8.369052
5.0,0.1,36,15,7.129346,1.0,0.0,7.129346
5.0,0.1,37,8,7.441586,1.0,0.0,7.441586
5.0,0.1,38,10,7.6888914,1.0,0.0,7.6888914
5.0,0.1,39,3,7.033066,1.0,0.0,7.033066
5.0,0.1,40,11,7.012159,1.0,0.0,7.012159
5.0,0.1,41,9,6.836023,1.0,0.0,6.836023
5.0,0.1,42,12,7.1153154,1.0,0.0,7.1153154
5.0,0.1,43,1,6.8053417,1.0,0.0,6.8053417
5.0,0.1,44,0,6.709669,1.0,0.0,6.709669
5.0,0.1,45,5,8.580172,1.0,0.0,8.580172
5.0,0.1,46,1,7.5350966,1.0,0.0,7.5350966
5.0,0.1,47,5,8.337496,1.0,0.0,8.337496
5.0,0.1,48,15,7.507688,1.0,0.0,7.507688
5.0,0.1,49,15,8.131199,1.0,0.0,8.131199
5.0,0.1,50,2,7.518059,1.0,0.0,7.518059
5.0,0.1,51,16,7.768509,1.0,0.0,7.768509
5.0,0.1,52,14,10.220398,1.0,0.0,10.220398
5.0,0.1,53,9,10.069908,1.0,0.0,10.069908
5.0,0.1,54,3,9.264372,1.0,0.0,9.264372
5.0,0.1,55,17,7.733423,1.0,0.0,7.733423
5.0,0.1,56,6,9.365909,1.0,0.0,9.365909
5.0,0.1,57,4,8.846608,1.0,0.0,8.846608
5.0,0.1,58,12,7.745725,1.0,0.0,7.745725
5.0,0.1,59,11,8.389066,1.0,0.0,8.389066
5.0,0.1,60,14,8.164998,1.0,0.0,8.164998
5.0,0.1,61,8,9.137417,1.0,0.0,9.137417
5.0,0.1,62,10,6.999398,1.0,0.0,6.999398
5.0,0.1,63,14,9.548711,1.0,0.0,9.548711
5.0,0.1,64,19,9.2844305,0.95,1.0000002,14.284431
5.0,0.1,65,14,8.365695,1.0,0.0,8.365695
5.0,0.1,66,10,7.694742,1.0,0.0,7.694742
5.0,0.1,67,0,8.546347,1.0,0.0,8.546347
5.0,0.1,68,13,7.60627,1.0,0.0,7.60627
5.0,0.1,69,17,7.2363076,1.0,0.0,7.2363076
5.0,0.1,70,0,7.525257,1.0,0.0,7.525257
5.0,0.1,71,1,10.309879,1.0,0.0,10.309879
5.0,0.1,72,8,8.783356,1.0,0.0,8.783356
5.0,0.1,73,3,8.7563305,1.0,0.0,8.7563305
5.0,0.1,74,7,8.481941,1.0,0.0,8.481941
5.0,0.1,75,10,9.067694,1.0,0.0,9.067694
5.0,0.1,76,1,9.329706,1.0,0.0,9.329706
5.0,0.1,77,18,9.379215,1.0,0.0,9.379215
5.0,0.1,78,10,8.988331,1.0,0.0,8.988331
5.0,0.1,79,5,7.740551,1.0,0.0,7.740551
5.0,0.1,80,13,7.9476647,1.0,0.0,7.9476647
5.0,0.1,81,15,7.785328,1.0,0.0,7.785328
5.0,0.1,82,17,7.5702324,1.0,0.0,7.5702324
5.0,0.1,83,19,7.870504,1.0,0.0,7.870504
5.0,0.1,84,6,8.872257,1.0,0.0,8.872257
5.0,0.1,85,14,7.545749,1.0,0.0,7.545749
5.0,0.1,86,16,8.682645,1.0,0.0,8.682645
5.0,0.1,87,9,7.9306803,1.0,0.0,7.9306803
5.0,0.1,88,2,8.270119,1.0,0.0,8.270119
5.0,0.1,89,10,8.75042,1.0,0.0,8.75042
5.0,0.1,90,16,9.099904,1.0,0.0,9.099904
5.0,0.1,91,0,6.690832,1.0,0.0,6.690832
5.0,0.1,92,0,9.469774,1.0,0.0,9.469774
5.0,0.1,93,2,8.581932,1.0,0.0,8.581932
5.0,0.1,94,13,6.8465033,0.95,1.0000002,11.846504
5.0,0.1,95,3,7.1078176,1.0,0.0,7.1078176
5.0,0.1,96,4,6.9129605,1.0,0.0,6.9129605
5.0,0.1,97,15,7.479153,1.0,0.0,7.479153
5.0,0.1,98,3,7.4114122,1.0,0.0,7.4114122
5.0,0.1,99,12,6.956954,1.0,0.0,6.956954
5.0,0.25,0,8,7.1091223,1.0,0.0,7.1091223
5.0,0.25,1,0,8.674528,1.0,0.0,8.674528
5.0,0.25,2,10,6.8435717,1.0,0.0,6.8435717
5.0,0.25,3,8,6.980955,1.0,0.0,6.980955
5.0,0.25,4,18,8.09971,1.0,0.0,8.09971
5.0,0.25,5,5,6.9433627,1.0,0.0,6.9433627
5.0,0.25,6,8,7.709272,1.0,0.0,7.709272
5.0,0.25,7,15,7.367282,1.0,0.0,7.367282
5.0,0.25,8,6,8.871684,1.0,0.0,8.871684
5.0,0.25,9,1,7.4233446,1.0,0.0,7.4233446
5.0,0.25,10,15,6.346837,1.0,0.0,6.346837
5.0,0.25,11,16,9.05129,1.0,0.0,9.05129
5.0,0.25,12,12,8.439081,1.0,0.0,8.439081
5.0,0.25,13,0,6.6081324,1.0,0.0,6.6081324
5.0,0.25,14,17,7.1586857,1.0,0.0,7.1586857
5.0,0.25,15,10,7.969557,1.0,0.0,7.969557
5.0,0.25,16,12,8.244606,1.0,0.0,8.244606
5.0,0.25,17,9,7.0319567,1.0,0.0,7.0319567
5.0,0.25,18,15,8.458454,1.0,0.0,8.458454
5.0,0.25,19,15,9.256163,1.0,0.0,9.256163
5.0,0.25,20,0,10.036066,1.0,0.0,10.036066
5.0,0.25,21,10,7.8613024,1.0,0.0,7.8613024
5.0,0.25,22,6,8.199844,1.0,0.0,8.199844
5.0,0.25,23,6,10.018076,1.0,0.0,10.018076
5.0,0.25,24,0,7.1080637,1.0,0.0,7.1080637
5.0,0.25,25,16,6.0946507,1.0,0.0,6.0946507
5.0,0.25,26,8,8.918768,1.0,0.0,8.918768
5.0,0.25,27,11,9.227413,1.0,0.0,9.227413
5.0,0.25,28,4,5.693325,1.0,0.0,5.693325
5.0,0.25,29,4,8.728949,1.0,0.0,8.728949
5.0,0.25,30,16,8.769695,1.0,0.0,8.769695
5.0,0.25,31,3,8.438924,1.0,0.0,8.438924
5.0,0.25,32,14,7.794765,1.0,0.0,7.794765
5.0,0.25,33,9,8.128888,1.0,0.0,8.128888
5.0,0.25,34,3,7.61944,1.0,0.0,7.61944
5.0,0.25,35,15,7.3683743,1.0,0.0,7.3683743
5.0,0.25,36,15,8.65752,1.0,0.0,8.65752
5.0,0.25,37,0,8.726255,1.0,0.0,8.726255
5.0,0.25,38,3,9.467911,1.0,0.0,9.467911
5.0,0.25,39,6,8.617062,1.0,0.0,8.617062
5.0,0.25,40,1,7.8102293,1.0,0.0,7.8102293
5.0,0.25,41,4,8.440938,1.0,0.0,8.440938
5.0,0.25,42,2,8.382229,1.0,0.0,8.382229
5.0,0.25,43,13,9.970138,1.0,0.0,9.970138
5.0,0.25,44,11,7.48267,1.0,0.0,7.48267
5.0,0.25,45,2,8.104614,1.0,0.0,8.104614
5.0,0.25,46,6,6.883734,1.0,0.0,6.883734
5.0,0.25,47,13,8.123497,1.0,0.0,8.123497
5.0,0.25,48,5,8.282652,1.0,0.0,8.282652
5.0,0.25,49,16,7.9409084,1.0,0.0,7.9409084
5.0,0.25,50,19,8.161673,1.0,0.0,8.161673
5.0,0.25,51,8,9.131888,1.0,0.0,9.131888
5.0,0.25,52,8,8.257446,1.0,0.0,8.257446
5.0,0.25,53,1,7.208176,1.0,0.0,7.208176
5.0,0.25,54,11,8.683386,1.0,0.0,8.683386
5.0,0.25,55,3,8.308355,1.0,0.0,8.308355
5.0,0.25,56,14,8.047531,1.0,0.0,8.047531
5.0,0.25,57,17,10.175583,1.0,0.0,10.175583
5.0,0.25,58,3,10.738266,1.0,0.0,10.738266
5.0,0.25,59,6,9.8988905,1.0,0.0,9.8988905
5.0,0.25,60,18,9.073872,1.0,0.0,9.073872
5.0,0.25,61,7,9.890576,1.0,0.0,9.890576
5.0,0.25,62,13,8.31661,1.0,0.0,8.31661
5.0,0.25,63,9,7.966438,1.0,0.0,7.966438
5.0,0.25,64,5,7.2931147,1.0,0.0,7.2931147
5.0,0.25,65,8,7.5103455,1.0,0.0,7.5103455
5.0,0.25,66,17,9.811493,1.0,0.0,9.811493
5.0,0.25,67,9,10.27997,1.0,0.0,10.27997
5.0,0.25,68,15,9.566845,1.0,0.0,9.566845
5.0,0.25,69,1,7.0528517,1.0,0.0,7.0528517
5.0,0.25,70,6,9.234593,1.0,0.0,9.234593
5.0,0.25,71,12,8.253796,1.0,0.0,8.253796
5.0,0.25,72,5,7.026123,1.0,0.0,7.026123
5.0,0.25,73,11,8.268486,1.0,0.0,8.268486
5.0,0.25,74,3,9.117968,1.0,0.0,9.117968
5.0,0.25,75,6,8.418297,1.0,0.0,8.418297
5.0,0.25,76,18,9.057568,1.0,0.0,9.057568
5.0,0.25,77,16,9.84128,1.0,0.0,9.84128
5.0,0.25,78,8,8.788172,1.0,0.0,8.788172
5.0,0.25,79,2,7.6015463,1.0,0.0,7.6015463
5.0,0.25,80,0,6.3646317,1.0,0.0,6.3646317
5.0,0.25,81,13,8.062072,1.0,0.0,8.062072
5.0,0.25,82,1,8.425262,1.0,0.0,8.425262
5.0,0.25,83,13,8.250683,1.0,0.0,8.250683
5.0,0.25,84,18,7.732687,1.0,0.0,7.732687
5.0,0.25,85,0,8.603901,1.0,0.0,8.603901
5.0,0.25,86,14,9.299442,1.0,0.0,9.299442
5.0,0.25,87,4,10.775516,1.0,0.0,10.775516
5.0,0.25,88,1,9.412983,1.0,0.0,9.412983
5.0,0.25,89,0,10.664147,1.0,0.0,10.664147
5.0,0.25,90,4,6.7376266,1.0,0.0,6.7376266
5.0,0.25,91,4,8.571411,1.0,0.0,8.571411
5.0,0.25,92,6,9.358091,1.0,0.0,9.358091
5.0,0.25,93,6,10.185825,1.0,0.0,10.185825
5.0,0.25,94,14,8.240215,1.0,0.0,8.240215
5.0,0.25,95,13,7.5543866,1.0,0.0,7.5543866
5.0,0.25,96,17,9.10298,1.0,0.0,9.10298
5.0,0.25,97,9,8.45422,1.0,0.0,8.45422
5.0,0.25,98,17,10.482747,1.0,0.0,10.482747
5.0,0.25,99,11,7.175478,1.0,0.0,7.175478
5.0,0.5,0,11,9.159828,1.0,0.0,9.159828
5.0,0.5,1,4,11.956454,1.0,0.0,11.956454
5.0,0.5,2,7,9.446006,1.0,0.0,9.446006
5.0,0.5,3,12,9.230101,1.0,0.0,9.230101
5.0,0.5,4,17,9.728807,1.0,0.0,9.728807
5.0,0.5,5,14,9.210295,1.0,0.0,9.210295
5.0,0.5,6,5,9.814995,1.0,0.0,9.814995
5.0,0.5,7,13,9.355093,1.0,0.0,9.355093
5.0,0.5,8,9,9.209681,1.0,0.0,9.209681
5.0,0.5,9,19,9.598511,1.0,0.0,9.598511
5.0,0.5,10,16,10.6432705,1.0,0.0,10.6432705
5.0,0.5,11,16,8.790286,1.0,0.0,8.790286
5.0,0.5,12,16,10.0807905,1.0,0.0,10.0807905
5.0,0.5,13,5,8.386389,1.0,0.0,8.386389
5.0,0.5,14,6,7.37323,1.0,0.0,7.37323
5.0,0.5,15,8,8.1457,1.0,0.0,8.1457
5.0,0.5,16,3,7.680013,1.0,0.0,7.680013
5.0,0.5,17,11,10.474382,1.0,0.0,10.474382
5.0,0.5,18,12,10.217164,1.0,0.0,10.217164
5.0,0.5,19,5,7.8695116,1.0,0.0,7.8695116
5.0,0.5,20,5,10.405079,1.0,0.0,10.405079
5.0,0.5,21,19,13.03639,1.0,0.0,13.03639
5.0,0.5,22,14,9.081995,1.0,0.0,9.081995
5.0,0.5,23,0,8.3552265,1.0,0.0,8.3552265
5.0,0.5,24,14,9.232294,1.0,0.0,9.232294
5.0,0.5,25,14,10.380047,1.0,0.0,10.380047
5.0,0.5,26,14,10.449576,1.0,0.0,10.449576
5.0,0.5,27,18,6.8638186,1.0,0.0,6.8638186
5.0,0.5,28,10,7.641865,1.0,0.0,7.641865
5.0,0.5,29,6,10.048095,1.0,0.0,10.048095
5.0,0.5,30,15,9.371731,1.0,0.0,9.371731
5.0,0.5,31,17,9.4539795,1.0,0.0,9.4539795
5.0,0.5,32,19,10.500399,1.0,0.0,10.500399
5.0,0.5,33,2,8.279629,1.0,0.0,8.279629
5.0,0.5,34,18,9.663124,1.0,0.0,9.663124
5.0,0.5,35,3,10.017492,1.0,0.0,10.017492
5.0,0.5,36,9,10.021836,1.0,0.0,10.021836
5.0,0.5,37,1,10.738507,1.0,0.0,10.738507
5.0,0.5,38,14,11.212342,1.0,0.0,11.212342
5.0,0.5,39,3,9.412756,1.0,0.0,9.412756
5.0,0.5,40,17,8.8865595,1.0,0.0,8.8865595
5.0,0.5,41,8,9.56593,1.0,0.0,9.56593
5.0,0.5,42,18,9.058134,1.0,0.0,9.058134
5.0,0.5,43,19,10.744266,1.0,0.0,10.744266
5.0,0.5,44,5,8.863002,1.0,0.0,8.863002
5.0,0.5,45,13,8.654256,1.0,0.0,8.654256
5.0,0.5,46,6,9.362038,1.0,0.0,9.362038
5.0,0.5,47,13,8.833398,1.0,0.0,8.833398
5.0,0.5,48,9,9.564011,1.0,0.0,9.564011
5.0,0.5,49,3,10.008982,1.0,0.0,10.008982
5.0,0.5,50,19,10.336378,1.0,0.0,10.336378
5.0,0.5,51,13,7.7411904,1.0,0.0,7.7411904
5.0,0.5,52,11,10.67424,1.0,0.0,10.67424
5.0,0.5,53,7,10.611822,1.0,0.0,10.611822
5.0,0.5,54,4,11.021633,1.0,0.0,11.021633
5.0,0.5,55,19,9.207815,1.0,0.0,9.207815
5.0,0.5,56,3,8.973622,1.0,0.0,8.973622
5.0,0.5,57,16,11.402012,1.0,0.0,11.402012
5.0,0.5,58,8,7.9082727,1.0,0.0,7.9082727
5.0,0.5,59,17,10.438915,1.0,0.0,10.438915
5.0,0.5,60,3,11.367233,1.0,0.0,11.367233
5.0,0.5,61,19,10.015843,1.0,0.0,10.015843
5.0,0.5,62,18,7.7374907,1.0,0.0,7.7374907
5.0,0.5,63,13,9.577973,1.0,0.0,9.577973
5.0,0.5,64,9,10.792679,1.0,0.0,10.792679
5.0,0.5,65,5,9.838357,1.0,0.0,9.838357
5.0,0.5,66,10,8.473082,1.0,0.0,8.473082
5.0,0.5,67,17,8.576423,1.0,0.0,8.576423
5.0,0.5,68,1,9.006573,1.0,0.0,9.006573
5.0,0.5,69,2,8.845089,1.0,0.0,8.845089
5.0,0.5,70,15,7.9087152,1.0,0.0,7.9087152
5.0,0.5,71,16,10.28965,1.0,0.0,10.28965
5.0,0.5,72,4,9.6315,1.0,0.0,9.6315
5.0,0.5,73,6,10.082083,1.0,0.0,10.082083
5.0,0.5,74,2,11.204947,1.0,0.0,11.204947
5.0,0.5,75,11,10.295437,1.0,0.0,10.295437
5.0,0.5,76,7,10.653494,1.0,0.0,10.653494
5.0,0.5,77,12,8.594009,1.0,0.0,8.594009
5.0,0.5,78,12,10.196158,1.0,0.0,10.196158
5.0,0.5,79,4,8.741654,1.0,0.0,8.741654
5.0,0.5,80,1,7.7753925,1.0,0.0,7.7753925
5.0,0.5,81,4,8.915035,1.0,0.0,8.915035
5.0,0.5,82,8,9.600553,1.0,0.0,9.600553
5.0,0.5,83,13,12.137826,1.0,0.0,12.137826
5.0,0.5,84,3,8.839537,1.0,0.0,8.839537
5.0,0.5,85,0,9.789618,1.0,0.0,9.789618
5.0,0.5,86,15,7.4814787,0.95,1.0000002,12.48148
5.0,0.5,87,1,9.265804,1.0,0.0,9.265804
5.0,0.5,88,14,9.067894,1.0,0.0,9.067894
5.0,0.5,89,16,6.772729,1.0,0.0,6.772729
5.0,0.5,90,10,9.536295,1.0,0.0,9.536295
5.0,0.5,91,18,10.408728,1.0,0.0,10.408728
5.0,0.5,92,13,8.312172,1.0,0.0,8.312172
5.0,0.5,93,17,10.523975,1.0,0.0,10.523975
5.0,0.5,94,7,10.643721,1.0,0.0,10.643721
5.0,0.5,95,16,8.46788,1.0,0.0,8.46788
5.0,0.5,96,4,9.020113,1.0,0.0,9.020113
5.0,0.5,97,11,7.673025,1.0,0.0,7.673025
5.0,0.5,98,7,9.821169,1.0,0.0,9.821169
5.0,0.5,99,17,9.835235,1.0,0.0,9.835235
5.0,0.75,0,10,10.679985,1.0,0.0,10.679985
5.0,0.75,1,11,9.950901,1.0,0.0,9.950901
5.0,0.75,2,14,9.823295,1.0,0.0,9.823295
5.0,0.75,3,11,11.712219,1.0,0.0,11.712219
5.0,0.75,4,19,10.9405,1.0,0.0,10.9405
5.0,0.75,5,14,9.162818,1.0,0.0,9.162818
5.0,0.75,6,2,11.920222,1.0,0.0,11.920222
5.0,0.75,7,17,11.664949,1.0,0.0,11.664949
5.0,0.75,8,11,9.954968,1.0,0.0,9.954968
5.0,0.75,9,15,10.527498,1.0,0.0,10.527498
5.0,0.75,10,12,9.453213,1.0,0.0,9.453213
5.0,0.75,11,5,11.030146,1.0,0.0,11.030146
5.0,0.75,12,11,10.014397,1.0,0.0,10.014397
5.0,0.75,13,7,10.600105,1.0,0.0,10.600105
5.0,0.75,14,1,8.679262,1.0,0.0,8.679262
5.0,0.75,15,8,11.258217,1.0,0.0,11.258217
5.0,0.75,16,14,11.161353,1.0,0.0,11.161353
5.0,0.75,17,1,11.659838,1.0,0.0,11.659838
5.0,0.75,18,3,10.513006,1.0,0.0,10.513006
5.0,0.75,19,14,9.307939,1.0,0.0,9.307939
5.0,0.75,20,15,9.212652,1.0,0.0,9.212652
5.0,0.75,21,10,10.814192,1.0,0.0,10.814192
5.0,0.75,22,17,9.730176,1.0,0.0,9.730176
5.0,0.75,23,10,10.747813,1.0,0.0,10.747813
5.0,0.75,24,4,11.058902,1.0,0.0,11.058902
5.0,0.75,25,18,9.972253,1.0,0.0,9.972253
5.0,0.75,26,12,11.440525,1.0,0.0,11.440525
5.0,0.75,27,14,11.463126,1.0,0.0,11.463126
5.0,0.75,28,19,10.7411585,1.0,0.0,10.7411585
5.0,0.75,29,18,12.171738,1.0,0.0,12.171738
5.0,0.75,30,0,10.187751,1.0,0.0,10.187751
5.0,0.75,31,12,10.246347,1.0,0.0,10.246347
5.0,0.75,32,12,14.3903265,1.0,0.0,14.3903265
5.0,0.75,33,11,11.808329,1.0,0.0,11.808329
5.0,0.75,34,6,9.973621,1.0,0.0,9.973621
5.0,0.75,35,5,7.6437783,1.0,0.0,7.6437783
5.0,0.75,36,9,12.29254,1.0,0.0,12.29254
5.0,0.75,37,3,10.841608,1.0,0.0,10.841608
5.0,0.75,38,13,11.995818,1.0,0.0,11.995818
5.0,0.75,39,12,10.610988,1.0,0.0,10.610988
5.0,0.75,40,19,9.061253,1.0,0.0,9.061253
5.0,0.75,41,13,8.706568,1.0,0.0,8.706568
5.0,0.75,42,13,10.584211,1.0,0.0,10.584211
5.0,0.75,43,0,11.333458,1.0,0.0,11.333458
5.0,0.75,44,6,9.67263,1.0,0.0,9.67263
5.0,0.75,45,7,11.160074,1.0,0.0,11.160074
5.0,0.75,46,12,8.408557,1.0,0.0,8.408557
5.0,0.75,47,14,10.637142,1.0,0.0,10.637142
5.0,0.75,48,8,8.747665,1.0,0.0,8.747665
5.0,0.75,49,9,11.2221775,1.0,0.0,11.2221775
5.0,0.75,50,19,11.723767,1.0,0.0,11.723767
5.0,0.75,51,9,10.849524,1.0,0.0,10.849524
5.0,0.75,52,18,9.8913555,1.0,0.0,9.8913555
5.0,0.75,53,1,10.070793,1.0,0.0,10.070793
5.0,0.75,54,3,10.211752,1.0,0.0,10.211752
5.0,0.75,55,17,10.164325,1.0,0.0,10.164325
5.0,0.75,56,16,9.3651085,1.0,0.0,9.3651085
5.0,0.75,57,14,10.174249,1.0,0.0,10.174249
5.0,0.75,58,10,8.6010475,1.0,0.0,8.6010475
5.0,0.75,59,17,10.925739,1.0,0.0,10.925739
5.0,0.75,60,3,9.863284,1.0,0.0,9.863284
5.0,0.75,61,1,11.64982,1.0,0.0,11.64982
5.0,0.75,62,11,10.468942,1.0,0.0,10.468942
5.0,0.75,63,0,9.231767,1.0,0.0,9.231767
5.0,0.75,64,19,9.397998,1.0,0.0,9.397998
5.0,0.75,65,3,11.167416,1.0,0.0,11.167416
5.0,0.75,66,7,8.826348,1.0,0.0,8.826348
5.0,0.75,67,5,11.862825,1.0,0.0,11.862825
5.0,0.75,68,11,12.39708,1.0,0.0,12.39708
5.0,0.75,69,7,11.097907,1.0,0.0,11.097907
5.0,0.75,70,5,10.171463,1.0,0.0,10.171463
5.0,0.75,71,13,10.079438,1.0,0.0,10.079438
5.0,0.75,72,12,9.720002,1.0,0.0,9.720002
5.0,0.75,73,3,10.984844,1.0,0.0,10.984844
5.0,0.75,74,0,13.366035,1.0,0.0,13.366035
5.0,0.75,75,1,9.62436,1.0,0.0,9.62436
5.0,0.75,76,4,9.38377,1.0,0.0,9.38377
5.0,0.75,77,5,12.850178,1.0,0.0,12.850178
5.0,0.75,78,12,11.069775,1.0,0.0,11.069775
5.0,0.75,79,8,11.58813,1.0,0.0,11.58813
5.0,0.75,80,14,10.856801,1.0,0.0,10.856801
5.0,0.75,81,1,9.9560795,1.0,0.0,9.9560795
5.0,0.75,82,6,10.767349,1.0,0.0,10.767349
5.0,0.75,83,6,9.12215,1.0,0.0,9.12215
5.0,0.75,84,3,8.485214,1.0,0.0,8.485214
5.0,0.75,85,18,10.952503,1.0,0.0,10.952503
5.0,0.75,86,2,10.0670395,1.0,0.0,10.0670395
5.0,0.75,87,1,11.707739,1.0,0.0,11.707739
5.0,0.75,88,6,8.295221,1.0,0.0,8.295221
5.0,0.75,89,17,10.849727,1.0,0.0,10.849727
5.0,0.75,90,16,12.416024,1.0,0.0,12.416024
5.0,0.75,91,4,11.554511,1.0,0.0,11.554511
5.0,0.75,92,9,10.156466,1.0,0.0,10.156466
5.0,0.75,93,8,11.992525,1.0,0.0,11.992525
5.0,0.75,94,6,10.772093,1.0,0.0,10.772093
5.0,0.75,95,0,10.984392,1.0,0.0,10.984392
5.0,0.75,96,2,9.474079,1.0,0.0,9.474079
5.0,0.75,97,4,8.893464,1.0,0.0,8.893464
5.0,0.75,98,18,10.840966,1.0,0.0,10.840966
5.0,0.75,99,2,9.748335,1.0,0.0,9.748335
10.0,0.1,0,0,7.9664397,1.0,0.0,7.9664397
10.0,0.1,1,14,8.800018,1.0,0.0,8.800018
10.0,0.1,2,2,7.5730724,1.0,0.0,7.5730724
10.0,0.1,3,19,6.874373,1.0,0.0,6.874373
10.0,0.1,4,13,5.409399,1.0,0.0,5.409399
10.0,0.1,5,3,6.6371675,1.0,0.0,6.6371675
10.0,0.1,6,10,8.92038,1.0,0.0,8.92038
10.0,0.1,7,14,6.674713,1.0,0.0,6.674713
10.0,0.1,8,17,7.4797745,1.0,0.0,7.4797745
10.0,0.1,9,6,7.5945096,1.0,0.0,7.5945096
10.0,0.1,10,7,6.6229177,1.0,0.0,6.6229177
10.0,0.1,11,18,8.091526,1.0,0.0,8.091526
10.0,0.1,12,16,7.366644,1.0,0.0,7.366644
10.0,0.1,13,2,8.009636,1.0,0.0,8.009636
10.0,0.1,14,6,7.3564854,1.0,0.0,7.3564854
10.0,0.1,15,1,7.8354626,1.0,0.0,7.8354626
10.0,0.1,16,5,7.378454,1.0,0.0,7.378454
10.0,0.1,17,18,6.3068466,1.0,0.0,6.3068466
10.0,0.1,18,11,7.1879883,1.0,0.0,7.1879883
10.0,0.1,19,12,8.1545105,1.0,0.0,8.1545105
10.0,0.1,20,19,7.0304217,1.0,0.0,7.0304217
10.0,0.1,21,19,7.6543045,1.0,0.0,7.6543045
10.0,0.1,22,19,6.9658165,1.0,0.0,6.9658165
10.0,0.1,23,9,6.5593743,1.0,0.0,6.5593743
10.0,0.1,24,18,7.115797,1.0,0.0,7.115797
10.0,0.1,25,16,6.6139965,1.0,0.0,6.6139965
10.0,0.1,26,17,9.07904,1.0,0.0,9.07904
10.0,0.1,27,8,6.9624496,1.0,0.0,6.9624496
10.0,0.1,28,18,7.4232454,1.0,0.0,7.4232454
10.0,0.1,29,14,7.8769593,1.0,0.0,7.8769593
10.0,0.1,30,0,8.385954,1.0,0.0,8.385954
10.0,0.1,31,8,8.348887,1.0,0.0,8.348887
10.0,0.1,32,11,6.045272,1.0,0.0,6.045272
10.0,0.1,33,2,7.30813,1.0,0.0,7.30813
10.0,0.1,34,1,8.176471,1.0,0.0,8.176471
10.0,0.1,35,5,8.033184,1.0,0.0,8.033184
10.0,0.1,36,0,6.9929667,1.0,0.0,6.9929667
10.0,0.1,37,17,6.682086,1.0,0.0,6.682086
10.0,0.1,38,8,7.652816,1.0,0.0,7.652816
10.0,0.1,39,8,7.180951,1.0,0.0,7.180951
10.0,0.1,40,16,6.6123,1.0,0.0,6.6123
10.0,0.1,41,9,6.314683,1.0,0.0,6.314683
10.0,0.1,42,13,6.6492014,1.0,0.0,6.6492014
10.0,0.1,43,1,6.8053417,1.0,0.0,6.8053417
10.0,0.1,44,0,7.008111,1.0,0.0,7.008111
10.0,0.1,45,15,8.309403,1.0,0.0,8.309403
10.0,0.1,46,8,7.0285435,1.0,0.0,7.0285435
10.0,0.1,47,9,8.245901,1.0,0.0,8.245901
10.0,0.1,48,9,7.5280204,1.0,0.0,7.5280204
10.0,0.1,49,6,7.474249,1.0,0.0,7.474249
10.0,0.1,50,6,7.5359282,1.0,0.0,7.5359282
10.0,0.1,51,1,7.514945,1.0,0.0,7.514945
10.0,0.1,52,1,9.873709,1.0,0.0,9.873709
10.0,0.1,53,4,9.074091,1.0,0.0,9.074091
10.0,0.1,54,15,8.895611,1.0,0.0,8.895611
10.0,0.1,55,5,7.728086,1.0,0.0,7.728086
10.0,0.1,56,16,8.947427,1.0,0.0,8.947427
10.0,0.1,57,4,8.984795,1.0,0.0,8.984795
10.0,0.1,58,1,7.4133797,1.0,0.0,7.4133797
10.0,0.1,59,16,8.052944,1.0,0.0,8.052944
10.0,0.1,60,14,8.06422,1.0,0.0,8.06422
10.0,0.1,61,5,8.727544,1.0,0.0,8.727544
10.0,0.1,62,2,6.809205,1.0,0.0,6.809205
10.0,0.1,63,14,9.862232,1.0,0.0,9.862232
10.0,0.1,64,11,9.923376,1.0,0.0,9.923376
10.0,0.1,65,18,8.315723,1.0,0.0,8.315723
10.0,0.1,66,3,7.5658054,1.0,0.0,7.5658054
10.0,0.1,67,19,8.729364,1.0,0.0,8.729364
10.0,0.1,68,3,7.400262,1.0,0.0,7.400262
10.0,0.1,69,18,6.4891653,1.0,0.0,6.4891653
10.0,0.1,70,12,5.691192,0.95,1.0000002,10.691193
10.0,0.1,71,9,10.594673,1.0,0.0,10.594673
10.0,0.1,72,3,8.462568,1.0,0.0,8.462568
10.0,0.1,73,12,8.207292,1.0,0.0,8.207292
10.0,0.1,74,5,8.431309,1.0,0.0,8.431309
10.0,0.1,75,19,8.118353,1.0,0.0,8.118353
10.0,0.1,76,0,8.029137,1.0,0.0,8.029137
10.0,0.1,77,4,8.548355,1.0,0.0,8.548355
10.0,0.1,78,9,9.200136,1.0,0.0,9.200136
10.0,0.1,79,14,7.81621,1.0,0.0,7.81621
10.0,0.1,80,7,7.703908,1.0,0.0,7.703908
10.0,0.1,81,3,7.6938925,1.0,0.0,7.6938925
10.0,0.1,82,4,7.10628,1.0,0.0,7.10628
10.0,0.1,83,9,7.537138,1.0,0.0,7.537138
10.0,0.1,84,19,8.765936,1.0,0.0,8.765936
10.0,0.1,85,6,7.468875,1.0,0.0,7.468875
10.0,0.1,86,10,7.6700745,1.0,0.0,7.6700745
10.0,0.1,87,2,7.4571123,1.0,0.0,7.4571123
10.0,0.1,88,1,7.7401276,1.0,0.0,7.7401276
10.0,0.1,89,3,8.702747,1.0,0.0,8.702747
10.0,0.1,90,1,9.017893,1.0,0.0,9.017893
10.0,0.1,91,19,6.617987,1.0,0.0,6.617987
10.0,0.1,92,6,8.273021,1.0,0.0,8.273021
10.0,0.1,93,19,8.566637,1.0,0.0,8.566637
10.0,0.1,94,11,6.6087217,0.95,1.0000002,11.608723
10.0,0.1,95,18,6.8431883,1.0,0.0,6.8431883
10.0,0.1,96,4,7.0103874,1.0,0.0,7.0103874
10.0,0.1,97,10,7.383056,1.0,0.0,7.383056
10.0,0.1,98,12,7.1101475,1.0,0.0,7.1101475
10.0,0.1,99,4,6.761265,1.0,0.0,6.761265
10.0,0.25,0,1,7.308398,1.0,0.0,7.308398
10.0,0.25,1,0,8.674528,1.0,0.0,8.674528
10.0,0.25,2,10,6.8435717,1.0,0.0,6.8435717
10.0,0.25,3,7,7.1957655,1.0,0.0,7.1957655
10.0,0.25,4,11,8.153373,1.0,0.0,8.153373
10.0,0.25,5,0,6.729505,1.0,0.0,6.729505
10.0,0.25,6,4,7.753209,1.0,0.0,7.753209
10.0,0.25,7,8,7.3510895,1.0,0.0,7.3510895
10.0,0.25,8,6,9.275573,1.0,0.0,9.275573
10.0,0.25,9,11,7.461784,1.0,0.0,7.461784
10.0,0.25,10,15,6.0426655,1.0,0.0,6.0426655
10.0,0.25,11,4,9.096918,1.0,0.0,9.096918
10.0,0.25,12,7,8.126642,1.0,0.0,8.126642
10.0,0.25,13,0,6.6081324,1.0,0.0,6.6081324
10.0,0.25,14,14,7.0942817,1.0,0.0,7.0942817
10.0,0.25,15,12,7.9516563,1.0,0.0,7.9516563
10.0,0.25,16,1,8.16647,1.0,0.0,8.16647
10.0,0.25,17,16,7.6161156,1.0,0.0,7.6161156
10.0,0.25,18,12,8.451668,1.0,0.0,8.451668
10.0,0.25,19,5,8.887697,1.0,0.0,8.887697
10.0,0.25,20,8,9.789655,1.0,0.0,9.789655
10.0,0.25,21,9,7.547404,1.0,0.0,7.547404
10.0,0.25,22,4,8.091524,1.0,0.0,8.091524
10.0,0.25,23,7,10.133143,1.0,0.0,10.133143
10.0,0.25,24,2,6.8484573,1.0,0.0,6.8484573
10.0,0.25,25,10,5.945314,1.0,0.0,5.945314
10.0,0.25,26,3,9.288352,1.0,0.0,9.288352
10.0,0.25,27,6,8.940496,1.0,0.0,8.940496
10.0,0.25,28,4,5.693325,1.0,0.0,5.693325
10.0,0.25,29,2,9.296478,1.0,0.0,9.296478
10.0,0.25,30,4,8.722783,1.0,0.0,8.722783
10.0,0.25,31,17,8.160715,1.0,0.0,8.160715
10.0,0.25,32,5,7.457887,1.0,0.0,7.457887
10.0,0.25,33,8,8.12014,1.0,0.0,8.12014
10.0,0.25,34,0,7.581981,1.0,0.0,7.581981
10.0,0.25,35,12,7.3752513,1.0,0.0,7.3752513
10.0,0.25,36,17,7.966378,1.0,0.0,7.966378
10.0,0.25,37,7,9.384577,1.0,0.0,9.384577
10.0,0.25,38,14,8.714186,1.0,0.0,8.714186
10.0,0.25,39,2,8.400149,1.0,0.0,8.400149
10.0,0.25,40,19,7.7961116,1.0,0.0,7.7961116
10.0,0.25,41,5,8.422132,1.0,0.0,8.422132
10.0,0.25,42,3,8.329933,1.0,0.0,8.329933
10.0,0.25,43,0,9.774473,1.0,0.0,9.774473
10.0,0.25,44,15,8.046051,1.0,0.0,8.046051
10.0,0.25,45,0,7.6511464,1.0,0.0,7.6511464
10.0,0.25,46,19,6.3883705,1.0,0.0,6.3883705
10.0,0.25,47,2,8.744662,1.0,0.0,8.744662
10.0,0.25,48,7,7.2597218,1.0,0.0,7.2597218
10.0,0.25,49,17,7.7649055,1.0,0.0,7.7649055
10.0,0.25,50,17,8.109086,1.0,0.0,8.109086
10.0,0.25,51,8,9.092826,1.0,0.0,9.092826
10.0,0.25,52,5,8.243736,1.0,0.0,8.243736
10.0,0.25,53,11,7.777155,1.0,0.0,7.777155
10.0,0.25,54,4,8.004288,1.0,0.0,8.004288
10.0,0.25,55,19,8.112104,1.0,0.0,8.112104
10.0,0.25,56,14,8.284195,1.0,0.0,8.284195
10.0,0.25,57,4,9.399833,1.0,0.0,9.399833
10.0,0.25,58,4,10.252981,1.0,0.0,10.252981
10.0,0.25,59,0,9.534964,1.0,0.0,9.534964
10.0,0.25,60,18,9.073871,1.0,0.0,9.073871
10.0,0.25,61,2,9.261083,1.0,0.0,9.261083
10.0,0.25,62,4,7.879737,1.0,0.0,7.879737
10.0,0.25,63,9,7.398169,1.0,0.0,7.398169
10.0,0.25,64,10,7.449109,1.0,0.0,7.449109
10.0,0.25,65,17,7.8444924,1.0,0.0,7.8444924
10.0,0.25,66,15,9.886086,1.0,0.0,9.886086
10.0,0.25,67,2,9.616929,1.0,0.0,9.616929
10.0,0.25,68,2,8.697935,1.0,0.0,8.697935
10.0,0.25,69,12,7.006996,1.0,0.0,7.006996
10.0,0.25,70,0,9.93646,1.0,0.0,9.93646
10.0,0.25,71,12,8.643483,1.0,0.0,8.643483
10.0,0.25,72,6,7.073079,1.0,0.0,7.073079
10.0,0.25,73,11,8.171968,1.0,0.0,8.171968
10.0,0.25,74,14,9.082017,1.0,0.0,9.082017
10.0,0.25,75,17,8.699075,1.0,0.0,8.699075
10.0,0.25,76,0,8.728657,1.0,0.0,8.728657
10.0,0.25,77,15,9.804823,1.0,0.0,9.804823
10.0,0.25,78,19,8.509045,1.0,0.0,8.509045
10.0,0.25,79,10,7.715536,1.0,0.0,7.715536
10.0,0.25,80,4,6.0582523,1.0,0.0,6.0582523
10.0,0.25,81,18,8.162295,1.0,0.0,8.162295
10.0,0.25,82,14,8.378095,1.0,0.0,8.378095
10.0,0.25,83,17,8.463607,1.0,0.0,8.463607
10.0,0.25,84,14,7.4849954,1.0,0.0,7.4849954
10.0,0.25,85,3,9.009576,1.0,0.0,9.009576
10.0,0.25,86,16,9.571995,1.0,0.0,9.571995
10.0,0.25,87,0,10.616457,1.0,0.0,10.616457
10.0,0.25,88,14,9.835248,1.0,0.0,9.835248
10.0,0.25,89,0,9.8995905,1.0,0.0,9.8995905
10.0,0.25,90,17,7.41168,1.0,0.0,7.41168
10.0,0.25,91,9,7.9769697,1.0,0.0,7.9769697
10.0,0.25,92,2,9.238903,1.0,0.0,9.238903
10.0,0.25,93,2,9.762636,1.0,0.0,9.762636
10.0,0.25,94,11,8.337503,1.0,0.0,8.337503
10.0,0.25,95,0,7.440667,1.0,0.0,7.440667
10.0,0.25,96,5,8.595232,1.0,0.0,8.595232
10.0,0.25,97,17,7.948847,1.0,0.0,7.948847
10.0,0.25,98,19,10.687614,1.0,0.0,10.687614
10.0,0.25,99,1,6.919528,1.0,0.0,6.919528
10.0,0.5,0,8,8.835072,1.0,0.0,8.835072
10.0,0.5,1,6,11.711529,1.0,0.0,11.711529
10.0,0.5,2,7,9.384304,1.0,0.0,9.384304
10.0,0.5,3,12,9.230101,1.0,0.0,9.230101
10.0,0.5,4,17,9.58772,1.0,0.0,9.58772
10.0,0.5,5,6,9.069548,1.0,0.0,9.069548
10.0,0.5,6,5,9.421379,1.0,0.0,9.421379
10.0,0.5,7,13,9.355093,1.0,0.0,9.355093
10.0,0.5,8,9,9.209681,1.0,0.0,9.209681
10.0,0.5,9,6,9.286043,1.0,0.0,9.286043
10.0,0.5,10,1,10.431866,1.0,0.0,10.431866
10.0,0.5,11,10,8.541481,1.0,0.0,8.541481
10.0,0.5,12,1,10.348644,1.0,0.0,10.348644
10.0,0.5,13,5,8.386389,1.0,0.0,8.386389
10.0,0.5,14,6,7.37323,1.0,0.0,7.37323
10.0,0.5,15,8,8.217686,1.0,0.0,8.217686
10.0,0.5,16,4,7.607992,1.0,0.0,7.607992
10.0,0.5,17,11,10.310733,1.0,0.0,10.310733
10.0,0.5,18,13,10.354095,1.0,0.0,10.354095
10.0,0.5,19,5,8.031101,1.0,0.0,8.031101
10.0,0.5,20,5,10.755819,1.0,0.0,10.755819
10.0,0.5,21,15,13.288451,1.0,0.0,13.288451
10.0,0.5,22,14,9.587572,1.0,0.0,9.587572
10.0,0.5,23,4,8.520051,1.0,0.0,8.520051
10.0,0.5,24,14,9.232293,1.0,0.0,9.232293
10.0,0.5,25,9,10.811439,1.0,0.0,10.811439
10.0,0.5,26,3,10.126117,1.0,0.0,10.126117
10.0,0.5,27,9,6.978112,1.0,0.0,6.978112
10.0,0.5,28,7,7.598467,1.0,0.0,7.598467
10.0,0.5,29,16,9.599059,1.0,0.0,9.599059
10.0,0.5,30,15,9.371731,1.0,0.0,9.371731
10.0,0.5,31,13,9.4548435,1.0,0.0,9.4548435
10.0,0.5,32,5,10.1138115,1.0,0.0,10.1138115
10.0,0.5,33,17,8.101597,1.0,0.0,8.101597
10.0,0.5,34,18,9.663124,1.0,0.0,9.663124
10.0,0.5,35,16,9.816879,1.0,0.0,9.816879
10.0,0.5,36,6,9.076853,1.0,0.0,9.076853
10.0,0.5,37,9,10.081034,1.0,0.0,10.081034
10.0,0.5,38,18,11.519056,1.0,0.0,11.519056
10.0,0.5,39,12,9.3429785,1.0,0.0,9.3429785
10.0,0.5,40,10,9.025017,1.0,0.0,9.025017
10.0,0.5,41,2,9.336006,1.0,0.0,9.336006
10.0,0.5,42,6,9.058134,1.0,0.0,9.058134
10.0,0.5,43,19,10.423553,1.0,0.0,10.423553
10.0,0.5,44,11,8.695623,1.0,0.0,8.695623
10.0,0.5,45,10,8.433141,1.0,0.0,8.433141
10.0,0.5,46,9,8.9561205,1.0,0.0,8.9561205
10.0,0.5,47,8,8.801224,1.0,0.0,8.801224
10.0,0.5,48,12,9.548555,1.0,0.0,9.548555
10.0,0.5,49,3,10.008982,1.0,0.0,10.008982
10.0,0.5,50,14,10.937629,1.0,0.0,10.937629
10.0,0.5,51,4,7.741191,1.0,0.0,7.741191
10.0,0.5,52,0,10.816379,1.0,0.0,10.816379
10.0,0.5,53,16,10.666265,1.0,0.0,10.666265
10.0,0.5,54,6,10.862379,1.0,0.0,10.862379
10.0,0.5,55,12,8.144385,1.0,0.0,8.144385
10.0,0.5,56,4,8.818422,1.0,0.0,8.818422
10.0,0.5,57,1,11.222635,1.0,0.0,11.222635
10.0,0.5,58,3,8.06431,1.0,0.0,8.06431
10.0,0.5,59,12,10.280815,1.0,0.0,10.280815
10.0,0.5,60,19,11.912561,1.0,0.0,11.912561
10.0,0.5,61,15,10.360508,1.0,0.0,10.360508
10.0,0.5,62,12,7.3010817,1.0,0.0,7.3010817
10.0,0.5,63,4,9.501343,1.0,0.0,9.501343
10.0,0.5,64,15,10.501923,1.0,0.0,10.501923
10.0,0.5,65,17,9.811617,1.0,0.0,9.811617
10.0,0.5,66,10,8.40108,1.0,0.0,8.40108
10.0,0.5,67,7,8.59892,1.0,0.0,8.59892
10.0,0.5,68,6,8.87193,1.0,0.0,8.87193
10.0,0.5,69,2,8.481228,1.0,0.0,8.481228
10.0,0.5,70,11,7.6499844,1.0,0.0,7.6499844
10.0,0.5,71,16,9.908172,1.0,0.0,9.908172
10.0,0.5,72,7,9.766662,1.0,0.0,9.766662
10.0,0.5,73,15,10.313927,1.0,0.0,10.313927
10.0,0.5,74,7,11.5934105,1.0,0.0,11.5934105
10.0,0.5,75,6,9.958074,1.0,0.0,9.958074
10.0,0.5,76,7,11.271756,1.0,0.0,11.271756
10.0,0.5,77,11,8.38504,1.0,0.0,8.38504
10.0,0.5,78,0,9.986214,1.0,0.0,9.986214
10.0,0.5,79,14,9.296338,1.0,0.0,9.296338
10.0,0.5,80,16,7.808115,1.0,0.0,7.808115
10.0,0.5,81,0,8.612321,1.0,0.0,8.612321
10.0,0.5,82,8,9.600553,1.0,0.0,9.600553
10.0,0.5,83,7,12.139185,1.0,0.0,12.139185
10.0,0.5,84,2,8.609331,1.0,0.0,8.609331
10.0,0.5,85,14,9.787824,1.0,0.0,9.787824
10.0,0.5,86,5,7.10004,0.95,1.0000002,12.10004
10.0,0.5,87,3,9.405382,1.0,0.0,9.405382
10.0,0.5,88,14,9.067894,1.0,0.0,9.067894
10.0,0.5,89,0,7.2052317,1.0,0.0,7.2052317
10.0,0.5,90,11,9.440609,1.0,0.0,9.440609
10.0,0.5,91,1,10.400047,1.0,0.0,10.400047
10.0,0.5,92,3,8.385049,1.0,0.0,8.385049
10.0,0.5,93,19,10.791021,1.0,0.0,10.791021
10.0,0.5,94,0,10.1899185,1.0,0.0,10.1899185
10.0,0.5,95,9,8.49571,1.0,0.0,8.49571
10.0,0.5,96,4,9.020113,1.0,0.0,9.020113
10.0,0.5,97,2,7.7852964,1.0,0.0,7.7852964
10.0,0.5,98,15,9.753733,1.0,0.0,9.753733
10.0,0.5,99,17,9.890941,1.0,0.0,9.890941
10.0,0.75,0,8,10.92178,1.0,0.0,10.92178
10.0,0.75,1,12,9.94364,1.0,0.0,9.94364
10.0,0.75,2,1,9.823295,1.0,0.0,9.823295
10.0,0.75,3,0,11.712219,1.0,0.0,11.712219
10.0,0.75,4,19,10.786825,1.0,0.0,10.786825
10.0,0.75,5,8,9.537255,1.0,0.0,9.537255
10.0,0.75,6,2,11.920222,1.0,0.0,11.920222
10.0,0.75,7,11,11.664949,1.0,0.0,11.664949
10.0,0.75,8,13,9.795273,1.0,0.0,9.795273
10.0,0.75,9,12,10.527498,1.0,0.0,10.527498
10.0,0.75,10,9,9.608295,1.0,0.0,9.608295
10.0,0.75,11,1,11.106864,1.0,0.0,11.106864
10.0,0.75,12,10,10.014398,1.0,0.0,10.014398
10.0,0.75,13,0,10.684082,1.0,0.0,10.684082
10.0,0.75,14,7,8.649083,1.0,0.0,8.649083
10.0,0.75,15,8,11.258218,1.0,0.0,11.258218
10.0,0.75,16,1,12.410332,1.0,0.0,12.410332
10.0,0.75,17,1,11.659838,1.0,0.0,11.659838
10.0,0.75,18,15,10.418312,1.0,0.0,10.418312
10.0,0.75,19,1,9.485631,1.0,0.0,9.485631
10.0,0.75,20,17,9.76115,1.0,0.0,9.76115
10.0,0.75,21,13,10.850204,1.0,0.0,10.850204
10.0,0.75,22,0,9.730177,1.0,0.0,9.730177
10.0,0.75,23,10,10.747814,1.0,0.0,10.747814
10.0,0.75,24,4,11.126034,1.0,0.0,11.126034
10.0,0.75,25,12,9.972254,1.0,0.0,9.972254
10.0,0.75,26,2,12.341003,1.0,0.0,12.341003
10.0,0.75,27,13,11.748208,1.0,0.0,11.748208
10.0,0.75,28,0,10.800645,1.0,0.0,10.800645
10.0,0.75,29,3,12.319956,1.0,0.0,12.319956
10.0,0.75,30,0,10.187751,1.0,0.0,10.187751
10.0,0.75,31,16,10.3025465,1.0,0.0,10.3025465
10.0,0.75,32,0,14.381401,1.0,0.0,14.381401
10.0,0.75,33,10,12.061472,1.0,0.0,12.061472
10.0,0.75,34,6,9.973621,1.0,0.0,9.973621
10.0,0.75,35,10,7.6584177,1.0,0.0,7.6584177
10.0,0.75,36,2,12.29254,1.0,0.0,12.29254
10.0,0.75,37,6,10.841608,1.0,0.0,10.841608
10.0,0.75,38,13,11.995819,1.0,0.0,11.995819
10.0,0.75,39,10,11.672747,1.0,0.0,11.672747
10.0,0.75,40,3,8.93368,1.0,0.0,8.93368
10.0,0.75,41,7,9.086899,1.0,0.0,9.086899
10.0,0.75,42,1,10.628501,1.0,0.0,10.628501
10.0,0.75,43,0,11.333458,1.0,0.0,11.333458
10.0,0.75,44,0,9.651106,1.0,0.0,9.651106
10.0,0.75,45,12,11.167724,1.0,0.0,11.167724
10.0,0.75,46,7,8.408556,1.0,0.0,8.408556
10.0,0.75,47,7,10.818011,1.0,0.0,10.818011
10.0,0.75,48,17,8.683492,1.0,0.0,8.683492
10.0,0.75,49,9,11.2221775,1.0,0.0,11.2221775
10.0,0.75,50,9,13.092119,1.0,0.0,13.092119
10.0,0.75,51,9,10.831183,1.0,0.0,10.831183
10.0,0.75,52,18,9.816881,1.0,0.0,9.816881
10.0,0.75,53,0,10.070793,1.0,0.0,10.070793
10.0,0.75,54,5,10.210026,1.0,0.0,10.210026
10.0,0.75,55,2,10.164326,1.0,0.0,10.164326
10.0,0.75,56,16,9.335016,1.0,0.0,9.335016
10.0,0.75,57,14,10.227468,1.0,0.0,10.227468
10.0,0.75,58,10,8.504618,1.0,0.0,8.504618
10.0,0.75,59,6,10.939401,1.0,0.0,10.939401
10.0,0.75,60,3,9.863284,1.0,0.0,9.863284
10.0,0.75,61,14,11.618653,1.0,0.0,11.618653
10.0,0.75,62,11,10.468942,1.0,0.0,10.468942
10.0,0.75,63,15,9.558704,1.0,0.0,9.558704
10.0,0.75,64,4,9.389202,1.0,0.0,9.389202
10.0,0.75,65,3,11.167416,1.0,0.0,11.167416
10.0,0.75,66,18,9.1729965,1.0,0.0,9.1729965
10.0,0.75,67,6,11.862825,1.0,0.0,11.862825
10.0,0.75,68,2,12.3686905,1.0,0.0,12.3686905
10.0,0.75,69,4,11.2469015,1.0,0.0,11.2469015
10.0,0.75,70,10,10.991898,1.0,0.0,10.991898
10.0,0.75,71,8,10.164711,1.0,0.0,10.164711
10.0,0.75,72,12,9.720001,1.0,0.0,9.720001
10.0,0.75,73,3,10.984844,1.0,0.0,10.984844
10.0,0.75,74,13,13.204181,1.0,0.0,13.204181
10.0,0.75,75,2,9.673708,1.0,0.0,9.673708
10.0,0.75,76,0,9.55394,1.0,0.0,9.55394
10.0,0.75,77,5,12.850178,1.0,0.0,12.850178
10.0,0.75,78,17,11.820545,1.0,0.0,11.820545
10.0,0.75,79,0,11.299224,1.0,0.0,11.299224
10.0,0.75,80,4,10.442636,1.0,0.0,10.442636
10.0,0.75,81,6,9.919119,1.0,0.0,9.919119
10.0,0.75,82,16,10.206618,1.0,0.0,10.206618
10.0,0.75,83,6,9.12215,1.0,0.0,9.12215
10.0,0.75,84,3,8.753879,1.0,0.0,8.753879
10.0,0.75,85,10,12.130472,1.0,0.0,12.130472
10.0,0.75,86,2,10.0670395,1.0,0.0,10.0670395
10.0,0.75,87,1,11.707739,1.0,0.0,11.707739
10.0,0.75,88,8,8.301077,1.0,0.0,8.301077
10.0,0.75,89,1,10.638278,1.0,0.0,10.638278
10.0,0.75,90,0,12.416025,1.0,0.0,12.416025
10.0,0.75,91,8,11.7733135,1.0,0.0,11.7733135
10.0,0.75,92,9,10.156466,1.0,0.0,10.156466
10.0,0.75,93,8,11.992525,1.0,0.0,11.992525
10.0,0.75,94,6,10.772093,1.0,0.0,10.772093
10.0,0.75,95,4,10.596283,1.0,0.0,10.596283
10.0,0.75,96,16,9.518273,1.0,0.0,9.518273
10.0,0.75,97,0,8.893464,1.0,0.0,8.893464
10.0,0.75,98,14,11.040128,1.0,0.0,11.040128
10.0,0.75,99,11,9.885511,1.0,0.0,9.885511
15.0,0.1,0,13,7.9501457,1.0,0.0,7.9501457
15.0,0.1,1,1,8.544348,1.0,0.0,8.544348
15.0,0.1,2,2,7.5730724,1.0,0.0,7.5730724
15.0,0.1,3,19,7.0095577,1.0,0.0,7.0095577
15.0,0.1,4,9,5.2765455,1.0,0.0,5.2765455
15.0,0.1,5,3,6.637168,1.0,0.0,6.637168
15.0,0.1,6,7,9.676319,1.0,0.0,9.676319
15.0,0.1,7,14,6.674713,1.0,0.0,6.674713
15.0,0.1,8,14,6.944495,1.0,0.0,6.944495
15.0,0.1,9,6,7.6873345,1.0,0.0,7.6873345
15.0,0.1,10,7,6.622918,1.0,0.0,6.622918
15.0,0.1,11,2,8.517873,1.0,0.0,8.517873
15.0,0.1,12,16,7.4400973,1.0,0.0,7.4400973
15.0,0.1,13,2,8.009638,1.0,0.0,8.009638
15.0,0.1,14,18,7.3210235,1.0,0.0,7.3210235
15.0,0.1,15,1,7.8354626,1.0,0.0,7.8354626
15.0,0.1,16,5,7.378454,1.0,0.0,7.378454
15.0,0.1,17,5,5.9568706,1.0,0.0,5.9568706
15.0,0.1,18,11,7.1879883,1.0,0.0,7.1879883
15.0,0.1,19,5,8.672735,1.0,0.0,8.672735
15.0,0.1,20,19,6.95584,1.0,0.0,6.95584
15.0,0.1,21,19,7.9923773,1.0,0.0,7.9923773
15.0,0.1,22,4,7.051296,1.0,0.0,7.051296
15.0,0.1,23,3,6.5237074,1.0,0.0,6.5237074
15.0,0.1,24,18,7.133931,1.0,0.0,7.133931
15.0,0.1,25,16,6.6139965,1.0,0.0,6.6139965
15.0,0.1,26,17,8.506423,1.0,0.0,8.506423
15.0,0.1,27,0,7.453328,1.0,0.0,7.453328
15.0,0.1,28,18,7.415608,1.0,0.0,7.415608
15.0,0.1,29,13,7.8428526,1.0,0.0,7.8428526
15.0,0.1,30,12,8.229036,1.0,0.0,8.229036
15.0,0.1,31,8,8.211304,1.0,0.0,8.211304
15.0,0.1,32,1,6.719861,1.0,0.0,6.719861
15.0,0.1,33,2,7.262445,1.0,0.0,7.262445
15.0,0.1,34,18,8.401511,1.0,0.0,8.401511
15.0,0.1,35,17,8.083268,1.0,0.0,8.083268
15.0,0.1,36,0,6.992967,1.0,0.0,6.992967
15.0,0.1,37,9,6.6173606,1.0,0.0,6.6173606
15.0,0.1,38,10,7.6463075,1.0,0.0,7.6463075
15.0,0.1,39,8,7.1809516,1.0,0.0,7.1809516
15.0,0.1,40,11,6.8332133,1.0,0.0,6.8332133
15.0,0.1,41,15,6.020938,1.0,0.0,6.020938
15.0,0.1,42,17,5.9149837,1.0,0.0,5.9149837
15.0,0.1,43,1,6.8053417,1.0,0.0,6.8053417
15.0,0.1,44,2,6.981263,1.0,0.0,6.981263
15.0,0.1,45,10,8.451085,1.0,0.0,8.451085
15.0,0.1,46,8,7.0285435,1.0,0.0,7.0285435
15.0,0.1,47,6,8.413379,1.0,0.0,8.413379
15.0,0.1,48,3,7.135348,1.0,0.0,7.135348
15.0,0.1,49,3,7.7971735,1.0,0.0,7.7971735
15.0,0.1,50,10,8.860772,1.0,0.0,8.860772
15.0,0.1,51,1,7.337382,1.0,0.0,7.337382
15.0,0.1,52,1,9.623532,1.0,0.0,9.623532
15.0,0.1,53,15,9.287844,1.0,0.0,9.287844
15.0,0.1,54,12,8.895611,1.0,0.0,8.895611
15.0,0.1,55,5,7.7251086,1.0,0.0,7.7251086
15.0,0.1,56,9,8.998779,1.0,0.0,8.998779
15.0,0.1,57,2,9.055954,1.0,0.0,9.055954
15.0,0.1,58,1,7.4133797,1.0,0.0,7.4133797
15.0,0.1,59,5,8.424683,1.0,0.0,8.424683
15.0,0.1,60,14,8.06422,1.0,0.0,8.06422
15.0,0.1,61,0,8.739998,1.0,0.0,8.739998
15.0,0.1,62,2,6.809205,1.0,0.0,6.809205
15.0,0.1,63,12,10.215813,1.0,0.0,10.215813
15.0,0.1,64,8,10.3637295,1.0,0.0,10.3637295
15.0,0.1,65,11,8.064537,1.0,0.0,8.064537
15.0,0.1,66,8,7.6776686,1.0,0.0,7.6776686
15.0,0.1,67,19,8.542641,1.0,0.0,8.542641
15.0,0.1,68,3,7.400263,1.0,0.0,7.400263
15.0,0.1,69,18,6.4891653,1.0,0.0,6.4891653
15.0,0.1,70,11,5.862851,0.95,1.0000002,10.862852
15.0,0.1,71,1,10.295322,1.0,0.0,10.295322
15.0,0.1,72,16,8.309915,1.0,0.0,8.309915
15.0,0.1,73,12,8.207292,1.0,0.0,8.207292
15.0,0.1,74,7,8.474876,1.0,0.0,8.474876
15.0,0.1,75,11,8.377674,1.0,0.0,8.377674
15.0,0.1,76,15,8.902372,1.0,0.0,8.902372
15.0,0.1,77,4,8.677014,1.0,0.0,8.677014
15.0,0.1,78,9,9.22982,1.0,0.0,9.22982
15.0,0.1,79,0,7.670598,1.0,0.0,7.670598
15.0,0.1,80,11,7.798928,1.0,0.0,7.798928
15.0,0.1,81,3,7.712425,1.0,0.0,7.712425
15.0,0.1,82,4,7.10628,1.0,0.0,7.10628
15.0,0.1,83,14,7.7869935,1.0,0.0,7.7869935
15.0,0.1,84,19,8.765936,1.0,0.0,8.765936
15.0,0.1,85,4,7.246999,1.0,0.0,7.246999
15.0,0.1,86,6,8.187224,1.0,0.0,8.187224
15.0,0.1,87,18,7.86524,1.0,0.0,7.86524
15.0,0.1,88,1,7.7401276,1.0,0.0,7.7401276
15.0,0.1,89,13,8.606847,1.0,0.0,8.606847
15.0,0.1,90,1,9.017893,1.0,0.0,9.017893
15.0,0.1,91,17,6.4028645,1.0,0.0,6.4028645
15.0,0.1,92,5,9.17409,1.0,0.0,9.17409
15.0,0.1,93,19,8.566637,1.0,0.0,8.566637
15.0,0.1,94,18,6.6225147,0.95,1.0000002,11.622516
15.0,0.1,95,14,6.80091,1.0,0.0,6.80091
15.0,0.1,96,4,7.0103874,1.0,0.0,7.0103874
15.0,0.1,97,15,7.0184064,1.0,0.0,7.0184064
15.0,0.1,98,17,7.154372,1.0,0.0,7.154372
15.0,0.1,99,7,6.756991,1.0,0.0,6.756991
15.0,0.25,0,10,7.2964926,1.0,0.0,7.2964926
15.0,0.25,1,10,8.741275,1.0,0.0,8.741275
15.0,0.25,2,10,6.8435717,1.0,0.0,6.8435717
15.0,0.25,3,7,7.006612,1.0,0.0,7.006612
15.0,0.25,4,13,8.099309,1.0,0.0,8.099309
15.0,0.25,5,2,6.880129,1.0,0.0,6.880129
15.0,0.25,6,4,7.672878,1.0,0.0,7.672878
15.0,0.25,7,7,7.219298,1.0,0.0,7.219298
15.0,0.25,8,11,9.190495,1.0,0.0,9.190495
15.0,0.25,9,0,7.4460297,1.0,0.0,7.4460297
15.0,0.25,10,3,5.954932,1.0,0.0,5.954932
15.0,0.25,11,4,9.096918,1.0,0.0,9.096918
15.0,0.25,12,3,7.5183306,1.0,0.0,7.5183306
15.0,0.25,13,0,6.6081324,1.0,0.0,6.6081324
15.0,0.25,14,9,7.0818186,1.0,0.0,7.0818186
15.0,0.25,15,1,7.9072814,1.0,0.0,7.9072814
15.0,0.25,16,13,8.273542,1.0,0.0,8.273542
15.0,0.25,17,16,7.6161156,1.0,0.0,7.6161156
15.0,0.25,18,10,8.5261135,1.0,0.0,8.5261135
15.0,0.25,19,5,8.874985,1.0,0.0,8.874985
15.0,0.25,20,16,9.6359005,1.0,0.0,9.6359005
15.0,0.25,21,9,7.5474033,1.0,0.0,7.5474033
15.0,0.25,22,13,8.051012,1.0,0.0,8.051012
15.0,0.25,23,14,9.5798235,0.95,1.0000002,14.579824
15.0,0.25,24,0,6.8484573,1.0,0.0,6.8484573
15.0,0.25,25,10,5.9453144,1.0,0.0,5.9453144
15.0,0.25,26,15,9.570719,1.0,0.0,9.570719
15.0,0.25,27,6,8.940497,1.0,0.0,8.940497
15.0,0.25,28,7,6.246769,1.0,0.0,6.246769
15.0,0.25,29,2,9.119413,1.0,0.0,9.119413
15.0,0.25,30,6,9.006176,1.0,0.0,9.006176
15.0,0.25,31,8,8.155035,1.0,0.0,8.155035
15.0,0.25,32,13,7.31032,1.0,0.0,7.31032
15.0,0.25,33,1,8.101207,1.0,0.0,8.101207
15.0,0.25,34,8,7.1843643,1.0,0.0,7.1843643
15.0,0.25,35,12,7.3386784,1.0,0.0,7.3386784
15.0,0.25,36,17,7.9663787,1.0,0.0,7.9663787
15.0,0.25,37,8,9.3323555,1.0,0.0,9.3323555
15.0,0.25,38,14,8.714185,1.0,0.0,8.714185
15.0,0.25,39,9,8.449882,1.0,0.0,8.449882
15.0,0.25,40,13,7.6001244,1.0,0.0,7.6001244
15.0,0.25,41,8,8.323721,1.0,0.0,8.323721
15.0,0.25,42,3,8.329933,1.0,0.0,8.329933
15.0,0.25,43,12,9.743126,1.0,0.0,9.743126
15.0,0.25,44,13,8.112715,1.0,0.0,8.112715
15.0,0.25,45,9,7.506279,1.0,0.0,7.506279
15.0,0.25,46,3,6.0707946,1.0,0.0,6.0707946
15.0,0.25,47,2,8.744662,1.0,0.0,8.744662
15.0,0.25,48,6,7.3229284,1.0,0.0,7.3229284
15.0,0.25,49,3,8.079167,1.0,0.0,8.079167
15.0,0.25,50,17,8.109087,1.0,0.0,8.109087
15.0,0.25,51,8,9.092826,1.0,0.0,9.092826
15.0,0.25,52,5,8.243737,1.0,0.0,8.243737
15.0,0.25,53,11,7.7767925,1.0,0.0,7.7767925
15.0,0.25,54,16,8.158075,1.0,0.0,8.158075
15.0,0.25,55,15,8.214516,1.0,0.0,8.214516
15.0,0.25,56,9,8.294804,1.0,0.0,8.294804
15.0,0.25,57,0,9.396305,1.0,0.0,9.396305
15.0,0.25,58,3,10.306066,1.0,0.0,10.306066
15.0,0.25,59,19,10.175854,1.0,0.0,10.175854
15.0,0.25,60,10,9.194525,1.0,0.0,9.194525
15.0,0.25,61,5,9.417363,1.0,0.0,9.417363
15.0,0.25,62,11,8.159718,1.0,0.0,8.159718
15.0,0.25,63,7,7.183021,1.0,0.0,7.183021
15.0,0.25,64,3,7.197934,1.0,0.0,7.197934
15.0,0.25,65,17,7.7034893,1.0,0.0,7.7034893
15.0,0.25,66,15,9.8860855,1.0,0.0,9.8860855
15.0,0.25,67,2,9.61693,1.0,0.0,9.61693
15.0,0.25,68,2,8.697935,1.0,0.0,8.697935
15.0,0.25,69,12,7.00562,1.0,0.0,7.00562
15.0,0.25,70,0,9.936459,1.0,0.0,9.936459
15.0,0.25,71,6,8.905897,1.0,0.0,8.905897
15.0,0.25,72,6,7.0730796,1.0,0.0,7.0730796
15.0,0.25,73,11,8.320046,1.0,0.0,8.320046
15.0,0.25,74,13,9.802881,1.0,0.0,9.802881
15.0,0.25,75,18,8.52527,1.0,0.0,8.52527
15.0,0.25,76,16,8.789471,1.0,0.0,8.789471
15.0,0.25,77,2,9.498821,1.0,0.0,9.498821
15.0,0.25,78,7,8.412968,1.0,0.0,8.412968
15.0,0.25,79,8,7.672611,1.0,0.0,7.672611
15.0,0.25,80,13,6.0977144,1.0,0.0,6.0977144
15.0,0.25,81,14,8.013653,1.0,0.0,8.013653
15.0,0.25,82,6,8.4251795,1.0,0.0,8.4251795
15.0,0.25,83,6,8.025536,1.0,0.0,8.025536
15.0,0.25,84,14,7.484995,1.0,0.0,7.484995
15.0,0.25,85,17,8.626577,1.0,0.0,8.626577
15.0,0.25,86,9,9.248839,1.0,0.0,9.248839
15.0,0.25,87,0,10.616457,1.0,0.0,10.616457
15.0,0.25,88,10,9.817103,1.0,0.0,9.817103
15.0,0.25,89,8,10.202889,1.0,0.0,10.202889
15.0,0.25,90,11,7.941378,1.0,0.0,7.941378
15.0,0.25,91,4,7.5936174,1.0,0.0,7.5936174
15.0,0.25,92,3,9.471207,1.0,0.0,9.471207
15.0,0.25,93,2,9.762636,1.0,0.0,9.762636
15.0,0.25,94,13,7.61062,1.0,0.0,7.61062
15.0,0.25,95,13,7.8714314,1.0,0.0,7.8714314
15.0,0.25,96,18,9.044003,1.0,0.0,9.044003
15.0,0.25,97,14,7.8153234,1.0,0.0,7.8153234
15.0,0.25,98,9,10.67106,1.0,0.0,10.67106
15.0,0.25,99,6,6.9517727,1.0,0.0,6.9517727
15.0,0.5,0,2,8.983553,1.0,0.0,8.983553
15.0,0.5,1,6,11.741925,1.0,0.0,11.741925
15.0,0.5,2,11,9.539755,1.0,0.0,9.539755
15.0,0.5,3,16,9.198656,1.0,0.0,9.198656
15.0,0.5,4,4,10.283512,1.0,0.0,10.283512
15.0,0.5,5,6,9.069548,1.0,0.0,9.069548
15.0,0.5,6,8,9.903035,1.0,0.0,9.903035
15.0,0.5,7,2,9.613212,1.0,0.0,9.613212
15.0,0.5,8,4,10.221058,1.0,0.0,10.221058
15.0,0.5,9,6,9.286043,1.0,0.0,9.286043
15.0,0.5,10,14,10.6645355,1.0,0.0,10.6645355
15.0,0.5,11,8,8.541481,1.0,0.0,8.541481
15.0,0.5,12,1,10.348644,1.0,0.0,10.348644
15.0,0.5,13,7,8.425282,1.0,0.0,8.425282
15.0,0.5,14,0,7.606203,1.0,0.0,7.606203
15.0,0.5,15,9,7.984706,1.0,0.0,7.984706
15.0,0.5,16,8,7.732356,1.0,0.0,7.732356
15.0,0.5,17,12,10.498267,1.0,0.0,10.498267
15.0,0.5,18,4,10.134367,1.0,0.0,10.134367
15.0,0.5,19,13,8.331673,1.0,0.0,8.331673
15.0,0.5,20,5,10.755819,1.0,0.0,10.755819
15.0,0.5,21,1,13.510366,1.0,0.0,13.510366
15.0,0.5,22,8,9.415955,1.0,0.0,9.415955
15.0,0.5,23,12,8.534091,1.0,0.0,8.534091
15.0,0.5,24,4,9.481438,1.0,0.0,9.481438
15.0,0.5,25,0,10.811439,1.0,0.0,10.811439
15.0,0.5,26,14,10.106871,1.0,0.0,10.106871
15.0,0.5,27,6,6.991565,1.0,0.0,6.991565
15.0,0.5,28,8,7.598467,1.0,0.0,7.598467
15.0,0.5,29,4,9.850128,1.0,0.0,9.850128
15.0,0.5,30,11,9.976238,1.0,0.0,9.976238
15.0,0.5,31,0,9.452901,1.0,0.0,9.452901
15.0,0.5,32,5,10.1138115,1.0,0.0,10.1138115
15.0,0.5,33,17,8.318438,1.0,0.0,8.318438
15.0,0.5,34,18,9.663124,1.0,0.0,9.663124
15.0,0.5,35,13,9.814655,1.0,0.0,9.814655
15.0,0.5,36,12,10.325499,1.0,0.0,10.325499
15.0,0.5,37,9,10.081034,1.0,0.0,10.081034
15.0,0.5,38,2,11.581594,1.0,0.0,11.581594
15.0,0.5,39,12,9.337778,1.0,0.0,9.337778
15.0,0.5,40,10,9.025017,1.0,0.0,9.025017
15.0,0.5,41,2,9.336006,1.0,0.0,9.336006
15.0,0.5,42,6,9.058134,1.0,0.0,9.058134
15.0,0.5,43,15,10.391097,1.0,0.0,10.391097
15.0,0.5,44,11,8.695623,1.0,0.0,8.695623
15.0,0.5,45,12,8.256424,1.0,0.0,8.256424
15.0,0.5,46,9,9.269322,1.0,0.0,9.269322
15.0,0.5,47,0,9.211069,1.0,0.0,9.211069
15.0,0.5,48,6,9.426504,1.0,0.0,9.426504
15.0,0.5,49,5,10.3181095,1.0,0.0,10.3181095
15.0,0.5,50,6,10.937629,1.0,0.0,10.937629
15.0,0.5,51,3,8.4544325,1.0,0.0,8.4544325
15.0,0.5,52,6,11.388405,1.0,0.0,11.388405
15.0,0.5,53,19,11.255251,1.0,0.0,11.255251
15.0,0.5,54,4,10.619963,1.0,0.0,10.619963
15.0,0.5,55,1,9.352089,1.0,0.0,9.352089
15.0,0.5,56,11,8.973622,1.0,0.0,8.973622
15.0,0.5,57,5,11.222634,1.0,0.0,11.222634
15.0,0.5,58,3,8.06431,1.0,0.0,8.06431
15.0,0.5,59,11,10.0784645,1.0,0.0,10.0784645
15.0,0.5,60,2,11.963251,1.0,0.0,11.963251
15.0,0.5,61,9,10.409852,1.0,0.0,10.409852
15.0,0.5,62,8,7.799308,1.0,0.0,7.799308
15.0,0.5,63,4,9.501343,1.0,0.0,9.501343
15.0,0.5,64,17,10.912283,1.0,0.0,10.912283
15.0,0.5,65,19,9.979666,1.0,0.0,9.979666
15.0,0.5,66,8,8.651185,1.0,0.0,8.651185
15.0,0.5,67,10,8.648539,1.0,0.0,8.648539
15.0,0.5,68,6,8.87193,1.0,0.0,8.87193
15.0,0.5,69,2,8.481228,1.0,0.0,8.481228
15.0,0.5,70,11,7.6499844,1.0,0.0,7.6499844
15.0,0.5,71,16,9.908172,1.0,0.0,9.908172
15.0,0.5,72,7,9.766662,1.0,0.0,9.766662
15.0,0.5,73,18,10.462767,1.0,0.0,10.462767
15.0,0.5,74,9,11.647186,1.0,0.0,11.647186
15.0,0.5,75,6,9.958074,1.0,0.0,9.958074
15.0,0.5,76,8,11.216103,1.0,0.0,11.216103
15.0,0.5,77,11,8.38504,1.0,0.0,8.38504
15.0,0.5,78,6,9.932743,1.0,0.0,9.932743
15.0,0.5,79,14,9.254486,1.0,0.0,9.254486
15.0,0.5,80,16,7.9612308,1.0,0.0,7.9612308
15.0,0.5,81,13,8.638802,1.0,0.0,8.638802
15.0,0.5,82,6,9.993232,1.0,0.0,9.993232
15.0,0.5,83,7,12.139185,1.0,0.0,12.139185
15.0,0.5,84,2,8.609331,1.0,0.0,8.609331
15.0,0.5,85,3,9.706262,1.0,0.0,9.706262
15.0,0.5,86,5,7.10004,0.95,1.0000002,12.10004
15.0,0.5,87,12,9.374816,1.0,0.0,9.374816
15.0,0.5,88,14,9.067894,1.0,0.0,9.067894
15.0,0.5,89,16,7.2491064,1.0,0.0,7.2491064
15.0,0.5,90,11,9.440609,1.0,0.0,9.440609
15.0,0.5,91,1,10.400047,1.0,0.0,10.400047
15.0,0.5,92,14,8.367956,1.0,0.0,8.367956
15.0,0.5,93,18,10.795986,1.0,0.0,10.795986
15.0,0.5,94,0,10.1899185,1.0,0.0,10.1899185
15.0,0.5,95,9,8.49571,1.0,0.0,8.49571
15.0,0.5,96,4,9.1258545,1.0,0.0,9.1258545
15.0,0.5,97,8,8.161946,1.0,0.0,8.161946
15.0,0.5,98,10,10.474169,1.0,0.0,10.474169
15.0,0.5,99,7,10.219554,1.0,0.0,10.219554
15.0,0.75,0,1,11.073257,1.0,0.0,11.073257
15.0,0.75,1,2,9.963314,1.0,0.0,9.963314
15.0,0.75,2,1,9.823295,1.0,0.0,9.823295
15.0,0.75,3,0,11.712219,1.0,0.0,11.712219
15.0,0.75,4,3,10.875509,1.0,0.0,10.875509
15.0,0.75,5,0,9.888414,1.0,0.0,9.888414
15.0,0.75,6,2,11.920222,1.0,0.0,11.920222
15.0,0.75,7,1,11.664949,1.0,0.0,11.664949
15.0,0.75,8,13,9.795273,1.0,0.0,9.795273
15.0,0.75,9,12,10.527498,1.0,0.0,10.527498
15.0,0.75,10,14,9.453213,1.0,0.0,9.453213
15.0,0.75,11,1,11.106864,1.0,0.0,11.106864
15.0,0.75,12,3,10.014398,1.0,0.0,10.014398
15.0,0.75,13,0,10.684082,1.0,0.0,10.684082
15.0,0.75,14,7,8.649083,1.0,0.0,8.649083
15.0,0.75,15,1,11.258218,1.0,0.0,11.258218
15.0,0.75,16,18,12.505362,1.0,0.0,12.505362
15.0,0.75,17,1,11.659838,1.0,0.0,11.659838
15.0,0.75,18,12,10.531269,1.0,0.0,10.531269
15.0,0.75,19,6,9.533855,1.0,0.0,9.533855
15.0,0.75,20,1,9.760994,1.0,0.0,9.760994
15.0,0.75,21,13,10.814193,1.0,0.0,10.814193
15.0,0.75,22,0,9.730177,1.0,0.0,9.730177
15.0,0.75,23,10,10.747814,1.0,0.0,10.747814
15.0,0.75,24,19,11.122103,1.0,0.0,11.122103
15.0,0.75,25,12,9.972254,1.0,0.0,9.972254
15.0,0.75,26,16,11.440525,1.0,0.0,11.440525
15.0,0.75,27,8,12.0024605,1.0,0.0,12.0024605
15.0,0.75,28,0,10.800645,1.0,0.0,10.800645
15.0,0.75,29,3,12.319956,1.0,0.0,12.319956
15.0,0.75,30,0,10.288181,1.0,0.0,10.288181
15.0,0.75,31,2,10.05744,1.0,0.0,10.05744
15.0,0.75,32,0,14.381401,1.0,0.0,14.381401
15.0,0.75,33,10,12.061472,1.0,0.0,12.061472
15.0,0.75,34,6,9.973621,1.0,0.0,9.973621
15.0,0.75,35,10,7.6584177,1.0,0.0,7.6584177
15.0,0.75,36,0,12.29254,1.0,0.0,12.29254
15.0,0.75,37,6,10.841608,1.0,0.0,10.841608
15.0,0.75,38,15,12.2507,1.0,0.0,12.2507
15.0,0.75,39,7,11.613623,1.0,0.0,11.613623
15.0,0.75,40,3,8.93368,1.0,0.0,8.93368
15.0,0.75,41,11,8.848494,1.0,0.0,8.848494
15.0,0.75,42,13,10.705301,1.0,0.0,10.705301
15.0,0.75,43,0,11.333458,1.0,0.0,11.333458
15.0,0.75,44,5,9.879287,1.0,0.0,9.879287
15.0,0.75,45,12,11.167724,1.0,0.0,11.167724
15.0,0.75,46,7,8.408556,1.0,0.0,8.408556
15.0,0.75,47,1,11.139923,1.0,0.0,11.139923
15.0,0.75,48,4,8.994646,1.0,0.0,8.994646
15.0,0.75,49,1,11.230492,1.0,0.0,11.230492
15.0,0.75,50,5,13.072683,1.0,0.0,13.072683
15.0,0.75,51,6,10.89311,1.0,0.0,10.89311
15.0,0.75,52,3,9.724967,1.0,0.0,9.724967
15.0,0.75,53,0,10.070793,1.0,0.0,10.070793
15.0,0.75,54,9,10.226192,1.0,0.0,10.226192
15.0,0.75,55,2,10.164326,1.0,0.0,10.164326
15.0,0.75,56,19,9.520927,1.0,0.0,9.520927
15.0,0.75,57,8,10.455547,1.0,0.0,10.455547
15.0,0.75,58,15,8.504618,1.0,0.0,8.504618
15.0,0.75,59,6,10.939401,1.0,0.0,10.939401
15.0,0.75,60,3,9.863284,1.0,0.0,9.863284
15.0,0.75,61,0,12.154281,1.0,0.0,12.154281
15.0,0.75,62,0,10.807343,1.0,0.0,10.807343
15.0,0.75,63,3,9.67709,1.0,0.0,9.67709
15.0,0.75,64,0,10.54608,1.0,0.0,10.54608
15.0,0.75,65,3,11.167416,1.0,0.0,11.167416
15.0,0.75,66,9,9.1729965,1.0,0.0,9.1729965
15.0,0.75,67,18,12.098251,1.0,0.0,12.098251
15.0,0.75,68,2,12.3686905,1.0,0.0,12.3686905
15.0,0.75,69,4,11.2469015,1.0,0.0,11.2469015
15.0,0.75,70,5,10.991897,1.0,0.0,10.991897
15.0,0.75,71,8,10.164711,1.0,0.0,10.164711
15.0,0.75,72,4,9.720001,1.0,0.0,9.720001
15.0,0.75,73,8,10.8810005,1.0,0.0,10.8810005
15.0,0.75,74,0,13.565929,1.0,0.0,13.565929
15.0,0.75,75,2,9.673708,1.0,0.0,9.673708
15.0,0.75,76,16,9.7327795,1.0,0.0,9.7327795
15.0,0.75,77,18,12.921785,1.0,0.0,12.921785
15.0,0.75,78,17,11.820545,1.0,0.0,11.820545
15.0,0.75,79,0,11.470589,1.0,0.0,11.470589
15.0,0.75,80,4,10.442636,1.0,0.0,10.442636
15.0,0.75,81,6,9.919119,1.0,0.0,9.919119
15.0,0.75,82,6,9.75629,1.0,0.0,9.75629
15.0,0.75,83,12,9.129156,1.0,0.0,9.129156
15.0,0.75,84,15,9.764057,1.0,0.0,9.764057
15.0,0.75,85,10,12.197538,1.0,0.0,12.197538
15.0,0.75,86,7,10.058105,1.0,0.0,10.058105
15.0,0.75,87,1,11.707739,1.0,0.0,11.707739
15.0,0.75,88,2,8.308978,1.0,0.0,8.308978
15.0,0.75,89,11,10.811625,1.0,0.0,10.811625
15.0,0.75,90,0,12.416025,1.0,0.0,12.416025
15.0,0.75,91,8,11.7733135,1.0,0.0,11.7733135
15.0,0.75,92,9,10.156466,1.0,0.0,10.156466
15.0,0.75,93,3,11.995644,1.0,0.0,11.995644
15.0,0.75,94,6,10.772093,1.0,0.0,10.772093
15.0,0.75,95,4,10.596283,1.0,0.0,10.596283
15.0,0.75,96,9,9.761008,1.0,0.0,9.761008
15.0,0.75,97,0,8.893464,1.0,0.0,8.893464
15.0,0.75,98,7,11.434967,1.0,0.0,11.434967
15.0,0.75,99,6,9.885511,1.0,0.0,9.885511
20.0,0.1,0,1,7.474064,1.0,0.0,7.474064
20.0,0.1,1,9,8.392631,1.0,0.0,8.392631
20.0,0.1,2,2,7.5730724,1.0,0.0,7.5730724
20.0,0.1,3,19,7.0095577,1.0,0.0,7.0095577
20.0,0.1,4,9,5.2658377,1.0,0.0,5.2658377
20.0,0.1,5,3,6.637168,1.0,0.0,6.637168
20.0,0.1,6,7,9.666894,1.0,0.0,9.666894
20.0,0.1,7,14,6.674713,1.0,0.0,6.674713
20.0,0.1,8,14,6.944495,1.0,0.0,6.944495
20.0,0.1,9,6,7.6873345,1.0,0.0,7.6873345
20.0,0.1,10,1,6.5504866,1.0,0.0,6.5504866
20.0,0.1,11,1,7.7300577,1.0,0.0,7.7300577
20.0,0.1,12,16,7.355104,1.0,0.0,7.355104
20.0,0.1,13,11,7.55624,1.0,0.0,7.55624
20.0,0.1,14,10,7.321023,1.0,0.0,7.321023
20.0,0.1,15,5,7.9892945,1.0,0.0,7.9892945
20.0,0.1,16,14,7.6145663,1.0,0.0,7.6145663
20.0,0.1,17,11,5.8644247,1.0,0.0,5.8644247
20.0,0.1,18,8,6.9113827,1.0,0.0,6.9113827
20.0,0.1,19,6,8.637041,1.0,0.0,8.637041
20.0,0.1,20,19,6.9558406,1.0,0.0,6.9558406
20.0,0.1,21,19,7.9923773,1.0,0.0,7.9923773
20.0,0.1,22,4,7.0139875,1.0,0.0,7.0139875
20.0,0.1,23,9,6.5593743,1.0,0.0,6.5593743
20.0,0.1,24,18,7.133931,1.0,0.0,7.133931
20.0,0.1,25,16,6.427805,1.0,0.0,6.427805
20.0,0.1,26,17,8.506423,1.0,0.0,8.506423
20.0,0.1,27,0,7.453328,1.0,0.0,7.453328
20.0,0.1,28,18,7.415608,1.0,0.0,7.415608
20.0,0.1,29,13,7.8428526,1.0,0.0,7.8428526
20.0,0.1,30,12,8.229036,1.0,0.0,8.229036
20.0,0.1,31,8,8.211304,1.0,0.0,8.211304
20.0,0.1,32,1,6.658102,1.0,0.0,6.658102
20.0,0.1,33,2,7.262445,1.0,0.0,7.262445
20.0,0.1,34,1,8.397102,1.0,0.0,8.397102
20.0,0.1,35,13,8.31687,1.0,0.0,8.31687
20.0,0.1,36,0,6.992967,1.0,0.0,6.992967
20.0,0.1,37,8,6.1519365,1.0,0.0,6.1519365
20.0,0.1,38,8,7.464437,1.0,0.0,7.464437
20.0,0.1,39,8,7.1809516,1.0,0.0,7.1809516
20.0,0.1,40,18,6.8920727,1.0,0.0,6.8920727
20.0,0.1,41,15,6.022114,1.0,0.0,6.022114
20.0,0.1,42,7,6.0498734,1.0,0.0,6.0498734
20.0,0.1,43,1,6.703169,1.0,0.0,6.703169
20.0,0.1,44,2,6.981263,1.0,0.0,6.981263
20.0,0.1,45,13,8.402114,1.0,0.0,8.402114
20.0,0.1,46,1,6.811841,1.0,0.0,6.811841
20.0,0.1,47,18,8.256174,1.0,0.0,8.256174
20.0,0.1,48,12,7.008901,1.0,0.0,7.008901
20.0,0.1,49,18,7.868353,1.0,0.0,7.868353
20.0,0.1,50,10,8.870083,1.0,0.0,8.870083
20.0,0.1,51,1,7.286733,1.0,0.0,7.286733
20.0,0.1,52,1,9.623532,1.0,0.0,9.623532
20.0,0.1,53,15,9.268935,1.0,0.0,9.268935
20.0,0.1,54,0,8.873987,1.0,0.0,8.873987
20.0,0.1,55,5,7.7251086,1.0,0.0,7.7251086
20.0,0.1,56,6,8.718369,1.0,0.0,8.718369
20.0,0.1,57,2,9.055954,1.0,0.0,9.055954
20.0,0.1,58,1,7.4133797,1.0,0.0,7.4133797
20.0,0.1,59,5,8.424683,1.0,0.0,8.424683
20.0,0.1,60,14,8.06422,1.0,0.0,8.06422
20.0,0.1,61,0,8.739998,1.0,0.0,8.739998
20.0,0.1,62,17,6.917782,1.0,0.0,6.917782
20.0,0.1,63,12,10.215813,1.0,0.0,10.215813
20.0,0.1,64,12,10.254582,1.0,0.0,10.254582
20.0,0.1,65,11,7.9281044,1.0,0.0,7.9281044
20.0,0.1,66,8,7.6776686,1.0,0.0,7.6776686
20.0,0.1,67,3,9.200167,1.0,0.0,9.200167
20.0,0.1,68,13,7.1940284,1.0,0.0,7.1940284
20.0,0.1,69,12,6.7927876,1.0,0.0,6.7927876
20.0,0.1,70,11,5.862851,0.95,1.0000002,10.862852
20.0,0.1,71,18,10.188301,1.0,0.0,10.188301
20.0,0.1,72,16,8.492744,1.0,0.0,8.492744
20.0,0.1,73,3,8.299984,1.0,0.0,8.299984
20.0,0.1,74,9,8.428446,1.0,0.0,8.428446
20.0,0.1,75,6,8.276007,1.0,0.0,8.276007
20.0,0.1,76,14,9.05924,1.0,0.0,9.05924
20.0,0.1,77,18,8.495248,1.0,0.0,8.495248
20.0,0.1,78,17,8.995022,1.0,0.0,8.995022
20.0,0.1,79,1,7.638679,1.0,0.0,7.638679
20.0,0.1,80,10,7.750414,1.0,0.0,7.750414
20.0,0.1,81,3,7.7121944,1.0,0.0,7.7121944
20.0,0.1,82,4,7.0788007,1.0,0.0,7.0788007
20.0,0.1,83,13,7.8766975,1.0,0.0,7.8766975
20.0,0.1,84,7,8.8011875,1.0,0.0,8.8011875
20.0,0.1,85,10,7.1768904,1.0,0.0,7.1768904
20.0,0.1,86,5,8.086497,1.0,0.0,8.086497
20.0,0.1,87,12,7.2623415,1.0,0.0,7.2623415
20.0,0.1,88,14,8.009663,1.0,0.0,8.009663
20.0,0.1,89,18,8.547397,1.0,0.0,8.547397
20.0,0.1,90,4,8.974094,1.0,0.0,8.974094
20.0,0.1,91,17,6.4028645,1.0,0.0,6.4028645
20.0,0.1,92,13,9.101299,1.0,0.0,9.101299
20.0,0.1,93,19,8.512428,1.0,0.0,8.512428
20.0,0.1,94,18,6.4917336,0.95,1.0000002,11.4917345
20.0,0.1,95,6,6.7272544,1.0,0.0,6.7272544
20.0,0.1,96,6,7.2672453,1.0,0.0,7.2672453
20.0,0.1,97,15,7.018406,1.0,0.0,7.018406
20.0,0.1,98,17,7.1252413,1.0,0.0,7.1252413
20.0,0.1,99,4,6.5928464,1.0,0.0,6.5928464
20.0,0.25,0,11,7.267994,1.0,0.0,7.267994
20.0,0.25,1,2,8.840643,1.0,0.0,8.840643
20.0,0.25,2,10,6.8435717,1.0,0.0,6.8435717
20.0,0.25,3,7,7.0066113,1.0,0.0,7.0066113
20.0,0.25,4,13,8.099309,1.0,0.0,8.099309
20.0,0.25,5,9,6.7121367,1.0,0.0,6.7121367
20.0,0.25,6,16,7.6733074,1.0,0.0,7.6733074
20.0,0.25,7,7,7.2192984,1.0,0.0,7.2192984
20.0,0.25,8,17,9.428832,1.0,0.0,9.428832
20.0,0.25,9,0,7.446029,1.0,0.0,7.446029
20.0,0.25,10,9,5.9373555,1.0,0.0,5.9373555
20.0,0.25,11,1,9.010393,1.0,0.0,9.010393
20.0,0.25,12,3,7.5183306,1.0,0.0,7.5183306
20.0,0.25,13,15,6.929328,1.0,0.0,6.929328
20.0,0.25,14,9,7.081818,1.0,0.0,7.081818
20.0,0.25,15,17,7.8260336,1.0,0.0,7.8260336
20.0,0.25,16,17,8.244132,1.0,0.0,8.244132
20.0,0.25,17,2,7.7426014,1.0,0.0,7.7426014
20.0,0.25,18,15,8.3924265,1.0,0.0,8.3924265
20.0,0.25,19,7,8.80043,1.0,0.0,8.80043
20.0,0.25,20,16,9.608113,1.0,0.0,9.608113
20.0,0.25,21,1,7.748115,1.0,0.0,7.748115
20.0,0.25,22,2,8.174852,1.0,0.0,8.174852
20.0,0.25,23,14,9.5798235,0.95,1.0000002,14.579824
20.0,0.25,24,0,6.8484573,1.0,0.0,6.8484573
20.0,0.25,25,10,5.9453144,1.0,0.0,5.9453144
20.0,0.25,26,15,9.570719,1.0,0.0,9.570719
20.0,0.25,27,6,8.940496,1.0,0.0,8.940496
20.0,0.25,28,14,6.414112,1.0,0.0,6.414112
20.0,0.25,29,2,9.119413,1.0,0.0,9.119413
20.0,0.25,30,6,9.006176,1.0,0.0,9.006176
20.0,0.25,31,8,8.155035,1.0,0.0,8.155035
20.0,0.25,32,9,7.408718,1.0,0.0,7.408718
20.0,0.25,33,1,8.101207,1.0,0.0,8.101207
20.0,0.25,34,8,7.1843643,1.0,0.0,7.1843643
20.0,0.25,35,12,7.3386784,1.0,0.0,7.3386784
20.0,0.25,36,11,7.722845,1.0,0.0,7.722845
20.0,0.25,37,7,9.104905,1.0,0.0,9.104905
20.0,0.25,38,11,8.690746,1.0,0.0,8.690746
20.0,0.25,39,2,8.489601,1.0,0.0,8.489601
20.0,0.25,40,13,7.6637774,1.0,0.0,7.6637774
20.0,0.25,41,15,8.338722,1.0,0.0,8.338722
20.0,0.25,42,3,8.329933,1.0,0.0,8.329933
20.0,0.25,43,12,9.743126,1.0,0.0,9.743126
20.0,0.25,44,13,8.112715,1.0,0.0,8.112715
20.0,0.25,45,0,7.6316814,1.0,0.0,7.6316814
20.0,0.25,46,3,6.0767407,1.0,0.0,6.0767407
20.0,0.25,47,13,9.041183,1.0,0.0,9.041183
20.0,0.25,48,6,7.53853,1.0,0.0,7.53853
20.0,0.25,49,6,8.322378,1.0,0.0,8.322378
20.0,0.25,50,3,7.789413,1.0,0.0,7.789413
20.0,0.25,51,16,8.962297,1.0,0.0,8.962297
20.0,0.25,52,5,8.182951,1.0,0.0,8.182951
20.0,0.25,53,11,7.7767925,1.0,0.0,7.7767925
20.0,0.25,54,16,8.158075,1.0,0.0,8.158075
20.0,0.25,55,6,8.3277855,1.0,0.0,8.3277855
20.0,0.25,56,0,9.00254,1.0,0.0,9.00254
20.0,0.25,57,0,9.396306,1.0,0.0,9.396306
20.0,0.25,58,3,10.306065,1.0,0.0,10.306065
20.0,0.25,59,19,10.175854,1.0,0.0,10.175854
20.0,0.25,60,0,9.185484,1.0,0.0,9.185484
20.0,0.25,61,5,9.417363,1.0,0.0,9.417363
20.0,0.25,62,10,7.9034615,1.0,0.0,7.9034615
20.0,0.25,63,9,7.398169,1.0,0.0,7.398169
20.0,0.25,64,3,7.1979337,1.0,0.0,7.1979337
20.0,0.25,65,17,7.7034893,1.0,0.0,7.7034893
20.0,0.25,66,15,9.8860855,1.0,0.0,9.8860855
20.0,0.25,67,2,9.616929,1.0,0.0,9.616929
20.0,0.25,68,2,8.697935,1.0,0.0,8.697935
20.0,0.25,69,12,7.0338974,1.0,0.0,7.0338974
20.0,0.25,70,13,10.114371,1.0,0.0,10.114371
20.0,0.25,71,17,8.630577,1.0,0.0,8.630577
20.0,0.25,72,6,7.0730796,1.0,0.0,7.0730796
20.0,0.25,73,11,8.320046,1.0,0.0,8.320046
20.0,0.25,74,14,9.496559,1.0,0.0,9.496559
20.0,0.25,75,18,8.52527,1.0,0.0,8.52527
20.0,0.25,76,16,8.789471,1.0,0.0,8.789471
20.0,0.25,77,2,9.559715,1.0,0.0,9.559715
20.0,0.25,78,7,8.412969,1.0,0.0,8.412969
20.0,0.25,79,2,7.6432114,1.0,0.0,7.6432114
20.0,0.25,80,13,6.0977144,1.0,0.0,6.0977144
20.0,0.25,81,15,7.897834,1.0,0.0,7.897834
20.0,0.25,82,6,8.4251795,1.0,0.0,8.4251795
20.0,0.25,83,6,8.025536,1.0,0.0,8.025536
20.0,0.25,84,13,7.5833654,1.0,0.0,7.5833654
20.0,0.25,85,2,8.132902,1.0,0.0,8.132902
20.0,0.25,86,9,9.248839,1.0,0.0,9.248839
20.0,0.25,87,0,10.572523,1.0,0.0,10.572523
20.0,0.25,88,4,9.858854,1.0,0.0,9.858854
20.0,0.25,89,8,10.202889,1.0,0.0,10.202889
20.0,0.25,90,4,7.050825,1.0,0.0,7.050825
20.0,0.25,91,3,8.41702,1.0,0.0,8.41702
20.0,0.25,92,12,9.38751,1.0,0.0,9.38751
20.0,0.25,93,2,9.879508,1.0,0.0,9.879508
20.0,0.25,94,10,8.389386,1.0,0.0,8.389386
20.0,0.25,95,0,8.0578575,1.0,0.0,8.0578575
20.0,0.25,96,8,8.484985,1.0,0.0,8.484985
20.0,0.25,97,18,8.135635,1.0,0.0,8.135635
20.0,0.25,98,8,10.67106,1.0,0.0,10.67106
20.0,0.25,99,2,6.5741673,1.0,0.0,6.5741673
20.0,0.5,0,14,8.954195,1.0,0.0,8.954195
20.0,0.5,1,6,11.741925,1.0,0.0,11.741925
20.0,0.5,2,11,9.505011,1.0,0.0,9.505011
20.0,0.5,3,16,9.198657,1.0,0.0,9.198657
20.0,0.5,4,2,10.283512,1.0,0.0,10.283512
20.0,0.5,5,6,9.069548,1.0,0.0,9.069548
20.0,0.5,6,1,9.993455,1.0,0.0,9.993455
20.0,0.5,7,2,9.613212,1.0,0.0,9.613212
20.0,0.5,8,4,10.221058,1.0,0.0,10.221058
20.0,0.5,9,6,9.286043,1.0,0.0,9.286043
20.0,0.5,10,10,11.058819,1.0,0.0,11.058819
20.0,0.5,11,8,8.541481,1.0,0.0,8.541481
20.0,0.5,12,1,10.348644,1.0,0.0,10.348644
20.0,0.5,13,7,8.425282,1.0,0.0,8.425282
20.0,0.5,14,0,7.606203,1.0,0.0,7.606203
20.0,0.5,15,0,8.574814,1.0,0.0,8.574814
20.0,0.5,16,8,7.732356,1.0,0.0,7.732356
20.0,0.5,17,1,10.924055,1.0,0.0,10.924055
20.0,0.5,18,4,10.01362,1.0,0.0,10.01362
20.0,0.5,19,6,8.342594,1.0,0.0,8.342594
20.0,0.5,20,5,10.755819,1.0,0.0,10.755819
20.0,0.5,21,17,13.5103655,1.0,0.0,13.5103655
20.0,0.5,22,11,9.858725,1.0,0.0,9.858725
20.0,0.5,23,12,8.534091,1.0,0.0,8.534091
20.0,0.5,24,4,9.481438,1.0,0.0,9.481438
20.0,0.5,25,7,10.620394,1.0,0.0,10.620394
20.0,0.5,26,14,10.106871,1.0,0.0,10.106871
20.0,0.5,27,18,7.0129523,1.0,0.0,7.0129523
20.0,0.5,28,8,7.598467,1.0,0.0,7.598467
20.0,0.5,29,4,9.850128,1.0,0.0,9.850128
20.0,0.5,30,11,9.976238,1.0,0.0,9.976238
20.0,0.5,31,0,9.452901,1.0,0.0,9.452901
20.0,0.5,32,3,10.1138115,1.0,0.0,10.1138115
20.0,0.5,33,7,8.318438,1.0,0.0,8.318438
20.0,0.5,34,15,9.56649,1.0,0.0,9.56649
20.0,0.5,35,3,9.861537,1.0,0.0,9.861537
20.0,0.5,36,12,10.325499,1.0,0.0,10.325499
20.0,0.5,37,9,10.081034,1.0,0.0,10.081034
20.0,0.5,38,2,11.581594,1.0,0.0,11.581594
20.0,0.5,39,12,9.337778,1.0,0.0,9.337778
20.0,0.5,40,10,9.025017,1.0,0.0,9.025017
20.0,0.5,41,2,9.336006,1.0,0.0,9.336006
20.0,0.5,42,6,9.058134,1.0,0.0,9.058134
20.0,0.5,43,8,10.946064,1.0,0.0,10.946064
20.0,0.5,44,19,8.850049,1.0,0.0,8.850049
20.0,0.5,45,0,8.250071,1.0,0.0,8.250071
20.0,0.5,46,9,9.269322,1.0,0.0,9.269322
20.0,0.5,47,0,9.211069,1.0,0.0,9.211069
20.0,0.5,48,1,9.426504,1.0,0.0,9.426504
20.0,0.5,49,5,10.3181095,1.0,0.0,10.3181095
20.0,0.5,50,6,10.937629,1.0,0.0,10.937629
20.0,0.5,51,4,8.4544325,1.0,0.0,8.4544325
20.0,0.5,52,6,11.388405,1.0,0.0,11.388405
20.0,0.5,53,19,11.736618,1.0,0.0,11.736618
20.0,0.5,54,16,10.827415,1.0,0.0,10.827415
20.0,0.5,55,10,9.234795,1.0,0.0,9.234795
20.0,0.5,56,11,8.973622,1.0,0.0,8.973622
20.0,0.5,57,7,11.222634,1.0,0.0,11.222634
20.0,0.5,58,3,8.06431,1.0,0.0,8.06431
20.0,0.5,59,11,10.0784645,1.0,0.0,10.0784645
20.0,0.5,60,2,11.963251,1.0,0.0,11.963251
20.0,0.5,61,9,10.409852,1.0,0.0,10.409852
20.0,0.5,62,17,7.9190216,1.0,0.0,7.9190216
20.0,0.5,63,4,9.501343,1.0,0.0,9.501343
20.0,0.5,64,5,10.573594,1.0,0.0,10.573594
20.0,0.5,65,19,9.979666,1.0,0.0,9.979666
20.0,0.5,66,8,8.651185,1.0,0.0,8.651185
20.0,0.5,67,1,8.655901,1.0,0.0,8.655901
20.0,0.5,68,6,8.87193,1.0,0.0,8.87193
20.0,0.5,69,0,8.91024,1.0,0.0,8.91024
20.0,0.5,70,11,7.6499844,1.0,0.0,7.6499844
20.0,0.5,71,4,11.072181,1.0,0.0,11.072181
20.0,0.5,72,5,9.766662,1.0,0.0,9.766662
20.0,0.5,73,18,10.462767,1.0,0.0,10.462767
20.0,0.5,74,16,11.683498,1.0,0.0,11.683498
20.0,0.5,75,6,9.958074,1.0,0.0,9.958074
20.0,0.5,76,8,11.216103,1.0,0.0,11.216103
20.0,0.5,77,11,8.38504,1.0,0.0,8.38504
20.0,0.5,78,2,9.932743,1.0,0.0,9.932743
20.0,0.5,79,14,9.254486,1.0,0.0,9.254486
20.0,0.5,80,5,8.083191,1.0,0.0,8.083191
20.0,0.5,81,13,8.638802,1.0,0.0,8.638802
20.0,0.5,82,6,9.993232,1.0,0.0,9.993232
20.0,0.5,83,1,12.206526,1.0,0.0,12.206526
20.0,0.5,84,2,8.609331,1.0,0.0,8.609331
20.0,0.5,85,0,9.706262,1.0,0.0,9.706262
20.0,0.5,86,3,7.0579777,0.95,1.0000002,12.057979
20.0,0.5,87,12,9.374816,1.0,0.0,9.374816
20.0,0.5,88,14,9.067894,1.0,0.0,9.067894
20.0,0.5,89,2,7.2629204,1.0,0.0,7.2629204
20.0,0.5,90,5,9.5309925,1.0,0.0,9.5309925
20.0,0.5,91,1,10.400047,1.0,0.0,10.400047
20.0,0.5,92,14,8.302431,1.0,0.0,8.302431
20.0,0.5,93,17,10.898053,1.0,0.0,10.898053
20.0,0.5,94,0,10.1899185,1.0,0.0,10.1899185
20.0,0.5,95,2,8.535975,1.0,0.0,8.535975
20.0,0.5,96,18,8.905379,1.0,0.0,8.905379
20.0,0.5,97,8,8.007716,1.0,0.0,8.007716
20.0,0.5,98,4,10.47417,1.0,0.0,10.47417
20.0,0.5,99,10,11.405042,1.0,0.0,11.405042
20.0,0.75,0,1,11.073257,1.0,0.0,11.073257
20.0,0.75,1,2,9.963314,1.0,0.0,9.963314
20.0,0.75,2,1,9.823295,1.0,0.0,9.823295
20.0,0.75,3,0,11.712219,1.0,0.0,11.712219
20.0,0.75,4,3,10.875509,1.0,0.0,10.875509
20.0,0.75,5,7,10.4623165,1.0,0.0,10.4623165
20.0,0.75,6,2,11.920222,1.0,0.0,11.920222
20.0,0.75,7,1,11.664949,1.0,0.0,11.664949
20.0,0.75,8,10,10.073588,1.0,0.0,10.073588
20.0,0.75,9,0,9.601183,0.95,1.0000002,14.601184
20.0,0.75,10,17,9.608295,1.0,0.0,9.608295
20.0,0.75,11,1,11.106864,1.0,0.0,11.106864
20.0,0.75,12,3,10.014398,1.0,0.0,10.014398
20.0,0.75,13,0,10.684082,1.0,0.0,10.684082
20.0,0.75,14,7,8.649083,1.0,0.0,8.649083
20.0,0.75,15,1,11.258218,1.0,0.0,11.258218
20.0,0.75,16,18,12.505362,1.0,0.0,12.505362
20.0,0.75,17,1,11.659838,1.0,0.0,11.659838
20.0,0.75,18,12,10.531269,1.0,0.0,10.531269
20.0,0.75,19,7,9.533855,1.0,0.0,9.533855
20.0,0.75,20,1,9.760994,1.0,0.0,9.760994
20.0,0.75,21,13,10.814193,1.0,0.0,10.814193
20.0,0.75,22,0,9.730177,1.0,0.0,9.730177
20.0,0.75,23,10,10.747814,1.0,0.0,10.747814
20.0,0.75,24,4,11.122103,1.0,0.0,11.122103
20.0,0.75,25,9,9.972254,1.0,0.0,9.972254
20.0,0.75,26,2,12.341003,1.0,0.0,12.341003
20.0,0.75,27,9,12.0024605,1.0,0.0,12.0024605
20.0,0.75,28,0,10.9988785,1.0,0.0,10.9988785
20.0,0.75,29,3,12.319956,1.0,0.0,12.319956
20.0,0.75,30,0,10.288181,1.0,0.0,10.288181
20.0,0.75,31,2,10.05744,1.0,0.0,10.05744
20.0,0.75,32,0,14.381401,1.0,0.0,14.381401
20.0,0.75,33,10,12.061472,1.0,0.0,12.061472
20.0,0.75,34,10,11.172738,1.0,0.0,11.172738
20.0,0.75,35,15,7.5713015,1.0,0.0,7.5713015
20.0,0.75,36,0,12.29254,1.0,0.0,12.29254
20.0,0.75,37,6,10.841608,1.0,0.0,10.841608
20.0,0.75,38,2,12.3095875,1.0,0.0,12.3095875
20.0,0.75,39,1,11.663439,1.0,0.0,11.663439
20.0,0.75,40,3,8.93368,1.0,0.0,8.93368
20.0,0.75,41,9,9.024243,1.0,0.0,9.024243
20.0,0.75,42,13,10.705301,1.0,0.0,10.705301
20.0,0.75,43,0,11.333458,1.0,0.0,11.333458
20.0,0.75,44,0,9.908915,1.0,0.0,9.908915
20.0,0.75,45,17,11.566729,1.0,0.0,11.566729
20.0,0.75,46,7,8.408556,1.0,0.0,8.408556
20.0,0.75,47,15,11.003337,1.0,0.0,11.003337
20.0,0.75,48,4,8.994646,1.0,0.0,8.994646
20.0,0.75,49,1,11.230492,1.0,0.0,11.230492
20.0,0.75,50,5,13.045118,1.0,0.0,13.045118
20.0,0.75,51,7,10.849524,1.0,0.0,10.849524
20.0,0.75,52,3,9.724967,1.0,0.0,9.724967
20.0,0.75,53,0,10.070793,1.0,0.0,10.070793
20.0,0.75,54,4,10.726635,1.0,0.0,10.726635
20.0,0.75,55,2,10.164326,1.0,0.0,10.164326
20.0,0.75,56,0,10.029968,1.0,0.0,10.029968
20.0,0.75,57,8,10.455547,1.0,0.0,10.455547
20.0,0.75,58,15,8.504618,1.0,0.0,8.504618
20.0,0.75,59,6,10.939401,1.0,0.0,10.939401
20.0,0.75,60,3,9.863284,1.0,0.0,9.863284
20.0,0.75,61,0,12.154281,1.0,0.0,12.154281
20.0,0.75,62,0,10.807343,1.0,0.0,10.807343
20.0,0.75,63,6,9.67709,1.0,0.0,9.67709
20.0,0.75,64,0,10.54608,1.0,0.0,10.54608
20.0,0.75,65,1,11.167416,1.0,0.0,11.167416
20.0,0.75,66,3,9.213036,1.0,0.0,9.213036
20.0,0.75,67,0,12.914428,1.0,0.0,12.914428
20.0,0.75,68,0,12.397081,1.0,0.0,12.397081
20.0,0.75,69,2,11.2469015,1.0,0.0,11.2469015
20.0,0.75,70,5,10.991897,1.0,0.0,10.991897
20.0,0.75,71,4,10.211075,1.0,0.0,10.211075
20.0,0.75,72,4,9.720001,1.0,0.0,9.720001
20.0,0.75,73,10,10.840103,1.0,0.0,10.840103
20.0,0.75,74,0,13.565929,1.0,0.0,13.565929
20.0,0.75,75,0,9.673708,1.0,0.0,9.673708
20.0,0.75,76,0,9.763223,1.0,0.0,9.763223
20.0,0.75,77,19,12.921785,1.0,0.0,12.921785
20.0,0.75,78,17,11.820545,1.0,0.0,11.820545
20.0,0.75,79,0,11.470589,1.0,0.0,11.470589
20.0,0.75,80,6,10.856801,1.0,0.0,10.856801
20.0,0.75,81,1,9.9560795,1.0,0.0,9.9560795
20.0,0.75,82,16,10.206618,1.0,0.0,10.206618
20.0,0.75,83,18,9.129156,1.0,0.0,9.129156
20.0,0.75,84,7,9.853502,1.0,0.0,9.853502
20.0,0.75,85,10,12.197538,1.0,0.0,12.197538
20.0,0.75,86,2,10.0670395,1.0,0.0,10.0670395
20.0,0.75,87,1,11.707739,1.0,0.0,11.707739
20.0,0.75,88,3,8.308978,1.0,0.0,8.308978
20.0,0.75,89,9,10.811625,1.0,0.0,10.811625
20.0,0.75,90,0,12.416025,1.0,0.0,12.416025
20.0,0.75,91,1,11.880764,1.0,0.0,11.880764
20.0,0.75,92,9,10.156466,1.0,0.0,10.156466
20.0,0.75,93,3,11.995644,1.0,0.0,11.995644
20.0,0.75,94,6,10.772093,1.0,0.0,10.772093
20.0,0.75,95,0,10.984392,1.0,0.0,10.984392
20.0,0.75,96,9,9.761008,1.0,0.0,9.761008
20.0,0.75,97,0,8.893464,1.0,0.0,8.893464
20.0,0.75,98,9,11.434967,1.0,0.0,11.434967
20.0,0.75,99,6,9.885511,1.0,0.0,9.885511
