method,customer_count,dynamic_rate,workers,wall_time_s
Tabu Search,20,0.1,12,41.003282600000006
Tabu Search,20,0.25,12,58.03931930000001
Tabu Search,20,0.5,12,79.0665093
Tabu Search,20,0.75,12,92.0725004
Tabu Search,35,0.1,12,61.03708039999998
Tabu Search,35,0.25,12,78.0566986
Tabu Search,35,0.5,12,93.1184432
Tabu Search,35,0.75,12,99.07661779999997
Tabu Search,50,0.1,12,70.05188620000001
Tabu Search,50,0.25,12,88.0954908
Tabu Search,50,0.5,12,99.1122504
Tabu Search,50,0.75,12,100.10226389999993
Adaptive LNS,20,0.1,12,44.9499118
Adaptive LNS,20,0.25,12,46.22506249999992
Adaptive LNS,20,0.5,12,44.70826679999982
Adaptive LNS,20,0.75,12,52.84437120000007
Adaptive LNS,35,0.1,12,98.48715919999997
Adaptive LNS,35,0.25,12,94.80198889999996
Adaptive LNS,35,0.5,12,108.1640264
Adaptive LNS,35,0.75,12,112.24606369999992
Adaptive LNS,50,0.1,12,156.0874691000001
Adaptive LNS,50,0.25,12,157.88299270000016
Adaptive LNS,50,0.5,12,178.3460554000003
Adaptive LNS,50,0.75,12,174.65005530000008
OR-Tools,20,0.1,12,41.01146789999984
OR-Tools,20,0.25,12,59.047788299999866
OR-Tools,20,0.5,12,79.07901549999997
OR-Tools,20,0.75,12,92.09921899999972
OR-Tools,35,0.1,12,61.04695790000005
OR-Tools,35,0.25,12,77.07960759999969
OR-Tools,35,0.5,12,93.12641179999991
OR-Tools,35,0.75,12,99.13568799999985
OR-Tools,50,0.1,12,70.07956039999999
OR-Tools,50,0.25,12,88.13204889999997
OR-Tools,50,0.5,12,99.14160829999992
OR-Tools,50,0.75,12,100.14476409999996
Regret insertion,20,0.1,12,1.1811083999999998
Regret insertion,20,0.25,12,1.1749411
Regret insertion,20,0.5,12,1.1474855999999996
Regret insertion,20,0.75,12,1.157508
Regret insertion,35,0.1,12,1.3740012999999998
Regret insertion,35,0.25,12,1.3097988999999997
Regret insertion,35,0.5,12,1.2424912999999993
Regret insertion,35,0.75,12,1.2177081999999988
Regret insertion,50,0.1,12,2.0859480999999995
Regret insertion,50,0.25,12,1.8131218000000011
Regret insertion,50,0.5,12,1.3937057999999993
Regret insertion,50,0.75,12,1.316259699999998
