method,customer_count,vehicle_count,dynamic_rate,instances,cost_mean,cost_sd,qos_mean_percent,qos_sd_percent,time_100_s,time_per_instance_mean_s,time_per_instance_sd_s,unserved_total
Adaptive LNS,20,4,0.1,100,7.409320076875856,1.3132799351362934,99.85,0.8572330399888259,502.67527839999997,5.026752783999999,0.932186315656406,3.0
Adaptive LNS,35,7,0.1,100,12.093203991584543,2.1482503202050003,99.97142857142858,0.2857142857142854,1123.8990974,11.238990974,1.4049893947318493,1.0
Adaptive LNS,50,10,0.1,100,16.23741612327043,2.465152978053379,100.0,0.0,1798.8072257000001,17.988072257000002,2.231800457244443,0.0
DVNDA (paper),20,4,0.1,100,8.31,1.22,100.0,,1.0,0.01,,0.0
DVNDA (paper),35,7,0.1,100,14.94,2.0,100.0,,3.0,0.03,,0.0
DVNDA (paper),50,10,0.1,100,18.89,2.27,100.0,,5.0,0.05,,0.0
Greedy (paper),20,4,0.1,100,9.07,1.12,99.9,,,,,
Greedy (paper),35,7,0.1,100,15.95,1.44,99.95,,,,,
Greedy (paper),50,10,0.1,100,21.41,2.11,99.95,,,,,
OR-Tools,20,4,0.1,100,7.734643593316621,1.4163060912643601,99.75,1.3055824196677317,455.978291,4.55978291,0.9582788519137372,5.0
OR-Tools,35,7,0.1,100,13.276171477187678,2.519494911457985,100.0,0.0,665.3702834,6.653702834,1.0889218514504455,0.0
OR-Tools,50,10,0.1,100,18.127164604354395,2.75475022605283,100.0,0.0,779.5582163,7.795582163000001,1.012549210945262,0.0
Regret insertion,20,4,0.1,100,9.076008712442745,1.5411173853385078,99.85,0.8572330399888276,1.0545928999999947,0.010545928999999947,0.00408731879969774,3.0
Regret insertion,35,7,0.1,100,15.37475375800071,2.236647341531878,100.0,0.0,4.876057799999997,0.04876057799999997,0.013454026329011446,0.0
Regret insertion,50,10,0.1,100,21.40317136463066,2.578940832834666,100.0,0.0,13.536624599999994,0.13536624599999994,0.02701133150544518,0.0
Tabu Search,20,4,0.1,100,7.782815076226267,1.4501015906778627,99.85,0.8572330399888257,454.8775385,4.548775385,0.9483149086517358,3.0
Tabu Search,35,7,0.1,100,13.231478948440007,2.412223688759226,100.0,0.0,668.3271966000001,6.683271966000001,1.1030250926891847,0.0
Tabu Search,50,10,0.1,100,18.145065376930575,2.69664746502573,100.0,0.0,773.4996355,7.734996355,1.0843832795644401,0.0
Adaptive LNS,20,4,0.25,100,9.152580981165112,1.6213982518200587,99.85,0.8572330399888268,508.64734669999996,5.086473466999999,0.9715308406332289,3.0
Adaptive LNS,35,7,0.25,100,14.467680499737778,2.542514941098062,100.0,0.0,1069.6769267,10.696769267,1.3257835099785635,0.0
Adaptive LNS,50,10,0.25,100,19.44753806858754,2.896264580366303,100.0,0.0,1800.8898424,18.008898423999998,2.1513680029177,0.0
DVNDA (paper),20,4,0.25,100,8.95,1.3,100.0,,1.0,0.01,,0.0
DVNDA (paper),35,7,0.25,100,16.14,2.14,100.0,,3.0,0.03,,0.0
DVNDA (paper),50,10,0.25,100,21.21,2.66,100.0,,5.0,0.05,,0.0
Greedy (paper),20,4,0.25,100,9.69,1.25,99.9,,,,,
Greedy (paper),35,7,0.25,100,16.96,1.95,99.95,,,,,
Greedy (paper),50,10,0.25,100,22.84,2.1,99.85,,,,,
OR-Tools,20,4,0.25,100,9.488984468213795,1.5905532150257486,99.9,0.7035264706814484,658.2753564,6.582753564,1.018890447374256,2.0
OR-Tools,35,7,0.25,100,15.339585752688052,2.779048210980638,100.0,0.0,874.7352065,8.747352065,1.0636317239917614,0.0
OR-Tools,50,10,0.25,100,20.70025683690726,3.072052645611771,100.0,0.0,979.9483296,9.799483296,0.9503721418712239,0.0
Regret insertion,20,4,0.25,100,10.672303508432242,1.5737840873027216,99.8,1.2143918126978115,0.8648692999999945,0.008648692999999945,0.0031864625687225197,4.0
Regret insertion,35,7,0.25,100,17.749846748238237,2.689625616285608,100.0,0.0,3.5333273999999957,0.035333273999999956,0.010635643297356771,0.0
Regret insertion,50,10,0.25,100,24.508112445488795,3.1137260002903018,100.0,0.0,9.759331399999995,0.09759331399999996,0.023002581676122142,0.0
Tabu Search,20,4,0.25,100,9.49423816780941,1.6697995197033662,99.95,0.4999999999999997,648.1954088,6.481954088,1.0408077695452786,1.0
Tabu Search,35,7,0.25,100,15.332301352784587,2.748341695154947,99.94285714285714,0.5714285714285728,879.6553808,8.796553808,1.0320416172594118,2.0
Tabu Search,50,10,0.25,100,20.777790868617657,2.9822612834589,100.0,0.0,970.8327546,9.708327546,0.8972611013207936,0.0
Adaptive LNS,20,4,0.5,100,11.702938603999916,1.8825550170280307,99.9,0.7035264706814484,505.8555596,5.058555596,0.7977277673551557,2.0
Adaptive LNS,35,7,0.5,100,16.854828552656056,2.4693385637354317,100.0,0.0,1210.3354141,12.103354141,1.3211684600475129,0.0
Adaptive LNS,50,10,0.5,100,21.83208791353151,2.667876964389071,100.0,0.0,2011.1790768,20.111790768000002,2.0510006558028593,0.0
DVNDA (paper),20,4,0.5,100,10.47,1.53,100.0,,1.0,0.01,,0.0
DVNDA (paper),35,7,0.5,100,18.9,2.24,100.0,,3.0,0.03,,0.0
DVNDA (paper),50,10,0.5,100,25.31,2.81,100.0,,5.0,0.05,,0.0
Greedy (paper),20,4,0.5,100,11.25,1.43,99.9,,,,,
Greedy (paper),35,7,0.5,100,19.63,2.01,99.95,,,,,
Greedy (paper),50,10,0.5,100,26.71,2.48,99.95,,,,,
OR-Tools,20,4,0.5,100,11.675283818974101,1.8367326934333044,99.85,0.8572330399888272,882.6364520000001,8.82636452,0.8859261808520726,3.0
OR-Tools,35,7,0.5,100,17.116303664779476,2.5237585204497464,100.0,0.0,1046.1032853,10.461032852999999,0.6414961659392224,0.0
OR-Tools,50,10,0.5,100,22.518944098853826,2.8932530344569396,100.0,0.0,1093.2202333,10.932202333,0.2874575613794153,0.0
Regret insertion,20,4,0.5,100,12.751881666228737,1.976743814346979,99.9,0.7035264706814492,0.3793510999999948,0.003793510999999948,0.0011674101797815456,2.0
Regret insertion,35,7,0.5,100,19.71846173833756,3.197789358179767,99.97142857142858,0.2857142857142851,1.7856576999999951,0.01785657699999995,0.006211618330207726,1.0
Regret insertion,50,10,0.5,100,27.162987830272836,3.2394696832806567,100.0,0.0,5.106235399999995,0.05106235399999995,0.013950158143446103,0.0
Tabu Search,20,4,0.5,100,11.689036778213852,1.8140455541920364,99.85,0.8572330399888262,879.5504887,8.795504887,0.950442444798336,3.0
Tabu Search,35,7,0.5,100,17.163733771753144,2.5526294850270714,100.0,0.0,1039.9844472999998,10.399844472999998,0.6639626737888524,0.0
Tabu Search,50,10,0.5,100,22.369519854801,2.75289053567492,100.0,0.0,1095.0568013,10.950568013,0.25657804845504495,0.0
Adaptive LNS,20,4,0.75,100,12.993937280539454,1.8949414826793785,99.9,0.7035264706814488,597.3378805,5.973378804999999,0.9376150052343891,2.0
Adaptive LNS,35,7,0.75,100,18.005829678691455,2.50779056166783,100.0,0.0,1288.6230284,12.886230284,1.1726148111576304,0.0
Adaptive LNS,50,10,0.75,100,22.90686026557755,2.646877524602767,100.0,0.0,1979.7554659,19.797554659,1.6423621314042511,0.0
DVNDA (paper),20,4,0.75,100,11.78,1.44,100.0,,1.0,0.01,,0.0
DVNDA (paper),35,7,0.75,100,20.98,2.26,100.0,,3.0,0.03,,0.0
DVNDA (paper),50,10,0.75,100,29.0,2.69,100.0,,5.0,0.05,,0.0
Greedy (paper),20,4,0.75,100,12.43,1.51,99.45,,,,,
Greedy (paper),35,7,0.75,100,21.55,2.21,99.95,,,,,
Greedy (paper),50,10,0.75,100,30.19,2.77,99.85,,,,,
OR-Tools,20,4,0.75,100,12.899993224948464,1.8669190823933264,99.85,0.857233039988825,1011.9203845999999,10.119203846,0.7990298082557162,3.0
OR-Tools,35,7,0.75,100,17.442776316735248,2.412748832596094,99.97142857142858,0.2857142857142854,1092.2180358,10.922180358,0.333710785471045,1.0
OR-Tools,50,10,0.75,100,22.610468910831987,2.9732143429999485,100.0,0.0,1102.2114333,11.022114333,0.0035262364716441594,0.0
Regret insertion,20,4,0.75,100,13.838418578002857,2.3013966047033128,99.9,0.7035264706814492,0.180166499999996,0.0018016649999999601,0.0006555236095687267,2.0
Regret insertion,35,7,0.75,100,21.116428751759358,3.285559033351101,100.0,0.0,0.8693251999999952,0.008693251999999952,0.0035538399537776975,0.0
Regret insertion,50,10,0.75,100,27.733912139658223,3.722777661446939,100.0,0.0,2.2535262999999963,0.02253526299999996,0.008246170775084001,0.0
Tabu Search,20,4,0.75,100,12.898992532498994,1.887076193778525,99.85,0.8572330399888253,1011.7618368,10.117618368,0.7986565613058066,3.0
Tabu Search,35,7,0.75,100,17.47649607588375,2.5592811973333047,100.0,0.0,1089.0517859,10.890517859,0.3670361086042963,0.0
Tabu Search,50,10,0.75,100,22.451586324235794,2.7802423208810065,100.0,0.0,1102.1042545,11.021042545,0.0030429285811486282,0.0
