"method","customer_count","dynamic_rate","workers","wall_time_s"
"Adaptive LNS","20","0.1","12","45.02029709999999"
"Adaptive LNS","20","0.25","12","45.147500899999955"
"Adaptive LNS","20","0.5","12","44.741604800000005"
"Adaptive LNS","20","0.75","12","52.544322100000045"
"Adaptive LNS","35","0.1","12","98.40048739999997"
"Adaptive LNS","35","0.25","12","94.09981509999989"
"Adaptive LNS","35","0.5","12","107.59286959999986"
"Adaptive LNS","35","0.75","12","111.23815730000001"
"Adaptive LNS","50","0.1","12","155.87081439999997"
"Adaptive LNS","50","0.25","12","158.36952580000002"
"Adaptive LNS","50","0.5","12","177.06627909999975"
"Adaptive LNS","50","0.75","12","173.58481960000017"
"OR-Tools","20","0.1","12","41.05336070000021"
"OR-Tools","20","0.25","12","59.073465399999805"
"OR-Tools","20","0.5","12","79.09598819999974"
"OR-Tools","20","0.75","12","92.0763952000002"
"OR-Tools","35","0.1","12","61.0269287000001"
"OR-Tools","35","0.25","12","77.07095560000016"
"OR-Tools","35","0.5","12","93.11032780000005"
"OR-Tools","35","0.75","12","99.13624839999966"
"OR-Tools","50","0.1","12","70.09981489999973"
"OR-Tools","50","0.25","12","88.09887709999975"
"OR-Tools","50","0.5","12","99.13075409999965"
"OR-Tools","50","0.75","12","100.11200719999988"
"Regret insertion","20","0.1","12","1.0268674999999998"
"Regret insertion","20","0.25","12","0.9773747000000002"
"Regret insertion","20","0.5","12","0.9472685999999997"
"Regret insertion","20","0.75","12","0.9636128999999998"
"Regret insertion","35","0.1","12","1.3319455000000007"
"Regret insertion","35","0.25","12","1.2167637999999998"
"Regret insertion","35","0.5","12","1.055981000000001"
"Regret insertion","35","0.75","12","0.9965956000000009"
"Regret insertion","50","0.1","12","2.0922514000000003"
"Regret insertion","50","0.25","12","1.7671658000000008"
"Regret insertion","50","0.5","12","1.3547088999999986"
"Regret insertion","50","0.75","12","1.0999202000000015"
"Tabu Search","20","0.1","12","40.9934741"
"Tabu Search","20","0.25","12","58.0365997"
"Tabu Search","20","0.5","12","79.04897229999999"
"Tabu Search","20","0.75","12","92.06364539999998"
"Tabu Search","35","0.1","12","61.03931400000005"
"Tabu Search","35","0.25","12","78.06506999999999"
"Tabu Search","35","0.5","12","93.09621270000002"
"Tabu Search","35","0.75","12","99.09393600000004"
"Tabu Search","50","0.1","12","70.03443070000003"
"Tabu Search","50","0.25","12","88.08077779999996"
"Tabu Search","50","0.5","12","99.09458089999998"
"Tabu Search","50","0.75","12","100.10304129999997"
