method,metric,instance_count,mean,sd_between_instances,ci95_low,ci95_high
alns,cost_with_penalty,100,28.745983543843234,8.159774241635324,27.126907306769564,30.365059780916905
alns,distance,100,8.64598354384324,1.4099731332594152,8.366214284624725,8.925752803061755
alns,qos,100,0.7989999999999999,0.0831756083126647,0.7824961548033964,0.8155038451966035
alns,response_time_min,100,142.9751207662158,19.053175116881143,139.19455746151792,146.7556840709137
alns,planning_time_ms,100,331.5339789999998,96.6656334440062,312.35342014920764,350.714537850792
alns,vehicle_utilization,100,0.6197799596915476,0.07989253741155887,0.603927546988442,0.6356323723946533
alns,unserved,100,4.02,1.663512166253294,3.689923096067928,4.350076903932071
local_search,cost_with_penalty,100,28.014370839711304,8.781453244912196,26.271940000967735,29.756801678454874
local_search,distance,100,8.764370839711303,1.2991351754992209,8.506594235958627,9.022147443463979
local_search,qos,100,0.8075,0.09221598494180865,0.7892023479478394,0.8257976520521606
local_search,response_time_min,100,147.88452269138028,20.41510439481663,143.83372307067881,151.93532231208175
local_search,planning_time_ms,100,19.910092000000017,7.386905484183373,18.444369691909106,21.375814308090927
local_search,vehicle_utilization,100,0.627150228982094,0.07673139257777188,0.6119250559955258,0.6423754019686623
local_search,unserved,100,3.85,1.8443196988361732,3.484046958956788,4.215953041043212
nearest,cost_with_penalty,100,21.314333532290117,7.238260921450967,19.87810553031153,22.750561534268705
nearest,distance,100,9.464333532290112,1.2329680163602659,9.219685928417105,9.70898113616312
nearest,qos,100,0.8815000000000001,0.07509421691542839,0.8665996781836137,0.8964003218163864
nearest,response_time_min,100,110.05739034346742,21.657982427366747,105.7599767566816,114.35480393025324
nearest,planning_time_ms,100,1.8450450000000407,0.7358846216896958,1.6990295259289159,1.9910604740711655
nearest,vehicle_utilization,100,0.6800166240066975,0.07092533743586495,0.6659434983235258,0.6940897496898691
nearest,unserved,100,2.37,1.5018843383085683,2.0719935636722737,2.6680064363277265
ortools,cost_with_penalty,100,36.61963336058757,8.490520109079968,34.93492996783139,38.304336753343755
ortools,distance,100,8.419633360587573,1.4745934766586337,8.127042023290555,8.712224697884592
ortools,qos,100,0.7180000000000001,0.08660837200300038,0.7008150200129077,0.7351849799870924
ortools,response_time_min,100,136.62505323395789,20.404431562470776,132.57637133474256,140.6737351331732
ortools,planning_time_ms,100,2512.2356209999994,1.6863712186006832,2511.901008364151,2512.5702336358477
ortools,vehicle_utilization,100,0.5913347495025834,0.08348616056329661,0.5747692840019765,0.6079002150031902
ortools,unserved,100,5.64,1.7321674400600078,5.296300400258153,5.983699599741846
regret,cost_with_penalty,100,28.112465905108984,8.680017149440621,26.39016218837837,29.834769621839598
regret,distance,100,8.812465905108978,1.3417208237949583,8.546239384832363,9.078692425385592
regret,qos,100,0.807,0.0912926253009707,0.7888855625330085,0.8251144374669916
regret,response_time_min,100,147.9800535507803,19.328594317798288,144.14484110135933,151.81526600020126
regret,planning_time_ms,100,16.278017999999964,6.192302347226774,15.049330871376526,17.506705128623402
regret,vehicle_utilization,100,0.6299022149741226,0.08000631513661773,0.6140272263019403,0.6457772036463049
regret,unserved,100,3.86,1.825852506019414,3.497711250660167,4.222288749339833
tabu,cost_with_penalty,100,28.99934340269887,8.474332039540055,27.317852074142017,30.68083473125572
tabu,distance,100,8.69934340269887,1.399456155215002,8.421660940091794,8.977025865305947
tabu,qos,100,0.797,0.08899551685451364,0.7793413586848997,0.8146586413151004
tabu,response_time_min,100,146.16682549138187,20.169424253725627,142.1647741407406,150.16887684202314
tabu,planning_time_ms,100,28.384392000000222,8.698990964017261,26.65832346681783,30.110460533182614
tabu,vehicle_utilization,100,0.6213751217335909,0.08235756480573918,0.6050335941163386,0.6377166493508432
tabu,unserved,100,4.06,1.779910337090273,3.7068271736979943,4.413172826302005
