city,condition,metric,seed_count,mean,sd_between_seeds,ci95_low,ci95_high
London,normal,cost_with_penalty,3,28.44590778888889,1.0860184835488855,25.748088318145737,31.14372725963204
London,normal,distance,3,23.11257313333333,0.8620990836738747,20.971000288233117,25.254145978433545
London,normal,qos,3,0.9466666666666667,0.0028867513459480674,0.9394955787834813,0.953837754549852
London,normal,response_time_min,3,49.516396004733934,0.5895851777512826,48.05178523033787,50.98100677913
London,normal,completion_time_min,3,442.13276227315265,1.18270743070566,439.19475414245886,445.07077040384644
London,normal,mean_completion_time_min,3,168.52266108024344,0.7737564970181383,166.60054338621657,170.4447787742703
London,normal,unserved,3,1.0666666666666667,0.05773502691896263,0.9232449090029573,1.210088424330376
London,normal,committed_not_completed,3,0.16666666666666666,0.03333333333333334,0.08386207627187489,0.24947125706145842
London,normal,late,3,0.16666666666666666,0.03333333333333334,0.08386207627187489,0.24947125706145842
London,normal,vehicle_utilization,3,0.22787269916799327,0.0007276866606099749,0.2260650252919664,0.22968037304402014
London,normal,route_balance_cv,3,1.0143875756666667,0.0021934472055979144,1.0089387507443026,1.0198364005890308
London,normal,idle_boundary_wait_min,3,1311.2181633333332,0.24214382138169194,1310.616644734949,1311.8196819317175
London,normal,replanning_events,3,10.0,0.0,10.0,10.0
London,normal,decision_epochs,3,90.66666666666667,1.1547005383792517,87.7982315133925,93.53510181994085
London,normal,wall_time_ms_per_instance,3,22.275845555555545,0.40946229584031546,21.258684824880493,23.293006286230597
London,peak_congestion,cost_with_penalty,3,28.36434026666667,1.0531554529998755,25.748157089435786,30.980523443897553
London,peak_congestion,distance,3,23.031006033333338,0.8021356298577615,21.038390665190132,25.023621401476543
London,peak_congestion,qos,3,0.9466666666666667,0.0028867513459480674,0.9394955787834813,0.953837754549852
London,peak_congestion,response_time_min,3,50.489973340833274,0.6120535992984214,48.96954791314636,52.01039876852019
London,peak_congestion,completion_time_min,3,443.50455061594647,1.2339253959100216,440.4393100063647,446.56979122552826
London,peak_congestion,mean_completion_time_min,3,169.49623833487286,0.761867768243706,167.60365388034043,171.38882278940528
London,peak_congestion,unserved,3,1.0666666666666667,0.05773502691896263,0.9232449090029573,1.210088424330376
London,peak_congestion,committed_not_completed,3,0.16666666666666666,0.03333333333333334,0.08386207627187489,0.24947125706145842
London,peak_congestion,late,3,0.16666666666666666,0.03333333333333334,0.08386207627187489,0.24947125706145842
London,peak_congestion,vehicle_utilization,3,0.2354389647642771,0.0010197052860197267,0.23290587640830906,0.2379720531202451
London,peak_congestion,route_balance_cv,3,1.0050726585555556,0.0101452583100962,0.9798704397910494,1.0302748773200618
London,peak_congestion,idle_boundary_wait_min,3,1297.4838933333333,0.5113728660945223,1296.2135727118543,1298.7542139548123
London,peak_congestion,replanning_events,3,10.0,0.0,10.0,10.0
London,peak_congestion,decision_epochs,3,91.0,1.0,88.51586228815624,93.48413771184376
London,peak_congestion,wall_time_ms_per_instance,3,23.58865222222219,1.3259949518603387,20.294698156591483,26.882606287852898
New_York,normal,cost_with_penalty,3,25.741602544444444,1.225897194391698,22.696305093012576,28.78689999587631
New_York,normal,distance,3,19.574935655555556,1.4550971230441971,15.960274017806118,23.189597293304995
New_York,normal,qos,3,0.9383333333333334,0.01589898669028241,0.8988380609159009,0.9778286057507658
New_York,normal,response_time_min,3,49.37665321540339,2.284508779812618,43.701618802432705,55.05168762837407
New_York,normal,completion_time_min,3,438.8637685775757,5.657482267828874,424.8098035219747,452.9177336331767
New_York,normal,mean_completion_time_min,3,171.88293214780342,1.2691825705007869,168.7301078612076,175.03575643439922
New_York,normal,unserved,3,1.2333333333333334,0.3179797338056486,0.443427884984684,2.023238781681983
New_York,normal,committed_not_completed,3,0.15555555555555556,0.05091750772173156,0.02906945443090672,0.2820416566802044
New_York,normal,late,3,0.15555555555555556,0.05091750772173156,0.02906945443090672,0.2820416566802044
New_York,normal,vehicle_utilization,3,0.2231951362556881,0.004675529703852998,0.21158047659550122,0.23480979591587497
New_York,normal,route_balance_cv,3,1.0160767063333334,0.010641117405540329,0.9896427052900737,1.0425107073765931
New_York,normal,idle_boundary_wait_min,3,1320.673331111111,7.546547507705796,1301.9266678529987,1339.4199943692236
New_York,normal,replanning_events,3,10.0,0.0,10.0,10.0
New_York,normal,decision_epochs,3,91.33333333333333,1.5275252316519468,87.53875029959386,95.1279163670728
New_York,normal,wall_time_ms_per_instance,3,22.54907888888881,0.5810377806164638,21.105701026053456,23.992456751724166
New_York,peak_congestion,cost_with_penalty,3,26.044881822222223,1.3900549833577696,22.59179381652685,29.497969827917597
New_York,peak_congestion,distance,3,19.767103888888887,1.5117534859228683,16.011700043496635,23.522507734281138
New_York,peak_congestion,qos,3,0.9372222222222222,0.01635825762703939,0.896586057550838,0.9778583868936064
New_York,peak_congestion,response_time_min,3,50.14905905035257,2.37633266373836,44.245921464473994,56.052196636231145
New_York,peak_congestion,completion_time_min,3,439.70612557729083,5.1929718560330285,426.80606835317593,452.60618280140574
New_York,peak_congestion,mean_completion_time_min,3,172.4330637814388,1.0772937755409795,169.7569176868829,175.10920987599468
New_York,peak_congestion,unserved,3,1.2555555555555555,0.3271651525407879,0.4428322621278704,2.0682788489832404
New_York,peak_congestion,committed_not_completed,3,0.1777777777777778,0.03849001794597506,0.08216327266863835,0.2733922828869173
New_York,peak_congestion,late,3,0.1777777777777778,0.03849001794597506,0.08216327266863835,0.2733922828869173
New_York,peak_congestion,vehicle_utilization,3,0.22863009790579472,0.005095521576118458,0.21597212059704535,0.2412880752145441
New_York,peak_congestion,route_balance_cv,3,1.0177051374444446,0.008349517385956007,0.9969637864302962,1.0384464884585929
New_York,peak_congestion,idle_boundary_wait_min,3,1310.4611699999998,8.42641802200947,1289.5287872157662,1331.3935527842334
New_York,peak_congestion,replanning_events,3,10.0,0.0,10.0,10.0
New_York,peak_congestion,decision_epochs,3,92.33333333333333,0.5773502691896257,90.89911575669623,93.76755090997042
New_York,peak_congestion,wall_time_ms_per_instance,3,23.418185555555564,1.1528615136660239,20.554318792924523,26.282052318186604
Vienna,normal,cost_with_penalty,3,26.03778318888889,0.7005359711114191,24.29755536454793,27.778011013229854
Vienna,normal,distance,3,20.315560744444443,0.5999575742211979,18.825183508815268,21.80593798007362
Vienna,normal,qos,3,0.9427777777777777,0.009622504486493794,0.9188741515004928,0.9666814040550626
Vienna,normal,response_time_min,3,45.58889978886717,0.9050949519936494,43.340519285820335,47.837280291914
Vienna,normal,completion_time_min,3,438.6367966334025,1.2276274915171466,435.58720088562865,441.6863923811764
Vienna,normal,mean_completion_time_min,3,167.13404735369554,1.6222812039243821,163.1040774358117,171.16401727157938
Vienna,normal,unserved,3,1.1444444444444446,0.1924500897298752,0.6663719188987476,1.6225169699901416
Vienna,normal,committed_not_completed,3,0.2333333333333333,0.06666666666666667,0.0677241525437498,0.3989425141229168
Vienna,normal,late,3,0.2333333333333333,0.06666666666666667,0.0677241525437498,0.3989425141229168
Vienna,normal,vehicle_utilization,3,0.2209853922658496,0.0017624124950681708,0.21660731692302612,0.22536346760867307
Vienna,normal,route_balance_cv,3,1.0353990808888887,0.019395032738565608,0.9872191486405736,1.0835790131372036
Vienna,normal,idle_boundary_wait_min,3,1318.6165855555555,2.565594788595962,1312.2432947878945,1324.9898763232165
Vienna,normal,replanning_events,3,10.0,0.0,10.0,10.0
Vienna,normal,decision_epochs,3,86.66666666666667,0.5773502691896257,85.23244909002958,88.10088424330377
Vienna,normal,wall_time_ms_per_instance,3,21.8221533333333,1.172329469508386,18.909925487421738,24.734381179244863
Vienna,peak_congestion,cost_with_penalty,3,26.126845577777782,0.46061858721924304,24.98260557449027,27.271085581065293
Vienna,peak_congestion,distance,3,20.460178555555554,0.6697944301186438,18.796316952514935,22.124040158596173
Vienna,peak_congestion,qos,3,0.9433333333333334,0.008660254037844393,0.9218200696837769,0.9648465969828898
Vienna,peak_congestion,response_time_min,3,46.31818949062074,0.9305083579456214,44.00667858746222,48.62970039377926
Vienna,peak_congestion,completion_time_min,3,439.6725247701009,1.3362371673974927,436.35312763060153,442.99192190960025
Vienna,peak_congestion,mean_completion_time_min,3,167.80924995059678,1.6951913972798687,163.59816107182075,172.0203388293728
Vienna,peak_congestion,unserved,3,1.1333333333333335,0.17320508075688762,0.7030680603422064,1.5635986063244607
Vienna,peak_congestion,committed_not_completed,3,0.2333333333333333,0.06666666666666667,0.0677241525437498,0.3989425141229168
Vienna,peak_congestion,late,3,0.2333333333333333,0.06666666666666667,0.0677241525437498,0.3989425141229168
Vienna,peak_congestion,vehicle_utilization,3,0.22793605221642385,0.0015328021254098156,0.22412836065189906,0.23174374378094864
Vienna,peak_congestion,route_balance_cv,3,1.0290532307777778,0.023601254159189455,0.9704244652741261,1.0876819962814295
Vienna,peak_congestion,idle_boundary_wait_min,3,1305.7358211111111,2.0089671929524457,1300.745269945241,1310.7263722769812
Vienna,peak_congestion,replanning_events,3,10.0,0.0,10.0,10.0
Vienna,peak_congestion,decision_epochs,3,87.0,1.0,84.51586228815624,89.48413771184376
Vienna,peak_congestion,wall_time_ms_per_instance,3,21.95241777777777,0.6031471769194358,20.454117129800107,23.450718425755436
