selector,vehicle_count,parameter_count,latency_mean_ms,latency_sd_ms,peak_memory_mb
centralized,4,21441.0,0.6735016666666945,0.10073027106250361,9.224609375
centralized,10,21441.0,0.9336666666666623,0.34645464906434786,9.2412109375
centralized,20,21441.0,0.7401283333333453,0.03906407215501457,9.26904296875
centralized,50,21441.0,0.7522616666666723,0.2439352872348738,9.35302734375
centralized,100,21441.0,0.6746999999999762,0.08528920784598315,9.4931640625
independent,4,46724.0,2.5698666666666536,0.2307842397312731,8.54052734375
independent,10,116810.0,2.4328316666666425,0.13295562909605055,9.3203125
independent,20,233620.0,2.7687950000000385,0.2036220407396687,11.03466796875
independent,50,584050.0,3.2865900000001034,0.20213259268367725,19.357421875
independent,100,1168100.0,4.862249999999986,0.38308408075135586,43.779296875
shared,4,11681.0,0.947941666666674,0.005746934690203151,9.1904296875
shared,10,11681.0,1.1516483333333476,0.07921101017738723,9.259765625
shared,20,11681.0,1.1558833333333334,0.11462131840685995,9.48876953125
shared,50,11681.0,1.006441666666665,0.047260537537486054,14.8310546875
shared,100,11681.0,1.1001866666666398,0.1750969991414682,34.6826171875
