city,condition,method,n,road_distance_km_mean,road_distance_km_sd,road_distance_km_ci_low,road_distance_km_ci_high,qos_percent_mean,qos_percent_sd,qos_percent_ci_low,qos_percent_ci_high,driving_time_min_mean,driving_time_min_sd,driving_time_min_ci_low,driving_time_min_ci_high,completion_time_min_mean,completion_time_min_sd,completion_time_min_ci_low,completion_time_min_ci_high,inference_ms_per_instance_mean,inference_ms_per_instance_sd,inference_ms_per_instance_ci_low,inference_ms_per_instance_ci_high
Vienna,Off-peak,DVNDA,400,34.58003077983856,5.511396495746034,34.03828053935709,35.12178102032003,100.0,0.0,100.0,100.0,51.19721807956696,8.109837714326675,50.40005051316282,51.9943856459711,504.37442375183105,19.27544523849266,502.47971755506205,506.26912994860004,81.48412499999998,7.771958999606697,80.72016968299477,82.24808031700519
Vienna,Off-peak,Greedy,400,39.464249062538144,6.07230901928199,38.86736316002452,40.06113496505177,99.7625,1.1221594604318013,99.65219580431807,99.87280419568194,57.08617104053497,8.552448155933323,56.245496476700126,57.92684560436982,468.48711000442506,79.75229242261432,460.6477495751313,476.32647043371884,4.431100499999996,0.5398699938781232,4.378033242139316,4.484167757860676
Vienna,Peak-aware,DVNDA,400,34.508666739463806,5.468664984029099,33.97111685124635,35.04621662768126,100.0,0.0,100.0,100.0,54.6990647315979,8.93347793997933,53.820936325112314,55.57719313808349,504.448797454834,19.316905948640755,502.5500158209756,506.3475790886924,79.43876925000004,2.3446129354187613,79.2083023215946,79.66923617840547
Vienna,Peak-aware,Greedy,400,39.399736552238465,6.07050755618106,38.80302772699897,39.99644537747796,99.775,1.096531327587567,99.66721495661317,99.88278504338685,60.701452283859254,9.345361586997159,59.78283721215288,61.62006735556563,468.68253189086914,79.47051247479506,460.8708694061184,476.4941943756199,4.501097249999981,0.63363572547615,4.438813161580774,4.563381338419188
London,Off-peak,DVNDA,400,29.946522183418274,4.5983620825709774,29.494519906685596,30.398524460150952,99.975,0.353110063283362,99.94029056440634,100.00970943559365,56.11621165275574,8.576037360829892,55.27321835583113,56.95920494968034,504.0305288696289,19.92085313255065,502.07238142306335,505.9886763161944,79.80611024999996,3.3464698160430606,79.47716443218326,80.13505606781666
London,Off-peak,Greedy,400,34.320725717544555,4.653855735049992,33.86326861650394,34.77818281858517,99.825,0.9200495791370027,99.73456247093871,99.9154375290613,64.27900637626648,8.710527315960952,63.422793205650905,65.13521954688206,457.17506479263307,87.1146012524076,448.6120161688648,465.73811341640135,4.456687250000009,0.7068625304914592,4.3872052328421685,4.526169267157849
London,Peak-aware,DVNDA,400,29.953688659667968,4.584346073753794,29.50306410565097,30.404313213684965,99.975,0.353110063283362,99.94029056440634,100.00970943559365,61.04725110054016,9.824076902591374,60.08158005353868,62.01292214754164,504.0058029937744,19.89472733138811,502.0502236184905,505.9613823690583,83.40699174999997,2.0363899124704687,83.2068220242968,83.60716147570315
London,Peak-aware,Greedy,400,34.34608393669129,4.665859189984146,33.887446939665644,34.80472093371693,99.825,0.9200495791370027,99.73456247093871,99.9154375290613,69.5656839466095,9.965261828350197,68.58613493464193,70.54523295857706,457.5055613517761,86.70334827991466,448.98293740021546,466.0281853033368,4.610177749999984,0.7207418443243255,4.539331446746509,4.681024053253459
New_York,Off-peak,DVNDA,400,29.26624298095703,4.097931103328979,28.863431250315166,29.669054711598896,100.0,0.0,100.0,100.0,51.785091457366946,7.082942236004863,51.08886398350733,52.48131893122656,503.2661093139648,19.155858023015885,501.3831581057533,505.14906052217634,79.75763799999996,1.7581904665133914,79.58481426852263,79.93046173147728
New_York,Off-peak,Greedy,400,32.68006656646728,4.431699238786131,32.24444664142523,33.11568649150934,99.7875,1.0701433394257487,99.68230879992375,99.89269120007624,57.64221396446228,7.627229268540953,56.89248505389874,58.39194287502582,462.46090465545655,80.73658702230559,454.5247916451247,470.3970176657884,4.558250500000014,0.8156764544650781,4.478072469676373,4.6384285303236545
New_York,Peak-aware,DVNDA,400,29.273295454978943,4.101543330452916,28.870128655541976,29.67646225441591,100.0,0.0,100.0,100.0,55.589653978347776,8.171580479954427,54.78641732252997,56.39289063416558,503.2816858673096,19.153254974735535,501.39899052928143,505.16438120533775,82.3397312499999,2.9505341988986706,82.04970446404177,82.62975803595803
New_York,Peak-aware,Greedy,400,32.704387631416324,4.445530010626762,32.267408191780014,33.141367071052635,99.7875,1.0701433394257487,99.68230879992375,99.89269120007624,61.594128932952884,8.75071967923902,60.733964999134514,62.454292866771254,462.711192779541,80.42539721353069,454.80566859617335,470.6167169629087,4.69607725000003,0.7069362601582211,4.626587985483969,4.765566514516092
