city,condition,method,n,normalized_road_cost_mean,normalized_road_cost_sd,normalized_road_cost_ci_low,normalized_road_cost_ci_high,road_distance_km_mean,road_distance_km_sd,road_distance_km_ci_low,road_distance_km_ci_high,qos_percent_mean,qos_percent_sd,qos_percent_ci_low,qos_percent_ci_high,driving_time_min_mean,driving_time_min_sd,driving_time_min_ci_low,driving_time_min_ci_high,completion_time_min_mean,completion_time_min_sd,completion_time_min_ci_low,completion_time_min_ci_high,inference_ms_per_instance_mean,inference_ms_per_instance_sd,inference_ms_per_instance_ci_low,inference_ms_per_instance_ci_high
Vienna,Off-peak,DVNDA,400,14.041881873607636,2.136996392736249,13.83182289661941,14.251940850595862,37.30361627101898,5.673468001815442,36.745934990653865,37.8612975513841,100.0,0.0,100.0,100.0,54.72819897651672,8.26673378408876,53.91560909680418,55.54078885622926,504.3009214019775,18.82423759599548,502.4505672762342,506.1512755277208,5.684306250000002,4.180915572518775,5.27333744770225,6.095275052297755
Vienna,Off-peak,Greedy,400,14.857308812141419,2.2853557862476808,14.632666646087674,15.081950978195163,39.464249062538144,6.07230901928199,38.86736316002452,40.06113496505177,99.7625,1.1221594604318013,99.65219580431807,99.87280419568194,57.08617104053497,8.552448155933323,56.245496476700126,57.92684560436982,468.48711000442506,79.75229242261432,460.6477495751313,476.32647043371884,3.45669,0.4702218738261324,3.4104688991553087,3.5029111008446914
Vienna,Peak-aware,DVNDA,400,14.017360608577729,2.126431749477819,13.808340097617174,14.226381119538283,37.238885016441344,5.645060959308051,36.683996045089316,37.79377398779337,100.0,0.0,100.0,100.0,58.63067183494568,9.089120009548898,57.73724437881207,59.52409929107929,504.32152030944826,18.830720187006023,502.4705289685742,506.17251165032235,3.610218750000001,0.19135066975641465,3.5914096747616577,3.629027825238344
Vienna,Peak-aware,Greedy,400,14.832098548412324,2.2843118805941964,14.607558994489507,15.05663810233514,39.399736552238465,6.07050755618106,38.80302772699897,39.99644537747796,99.775,1.096531327587567,99.66721495661317,99.88278504338685,60.701452283859254,9.345361586997159,59.78283721215288,61.62006735556563,468.68253189086914,79.47051247479506,460.8708694061184,476.4941943756199,3.446567000000002,0.45894301031095974,3.401454570437883,3.4916794295621214
London,Off-peak,DVNDA,400,11.646391721963882,1.7748705113893466,11.47192840271062,11.820855041217143,32.0012627363205,4.868226845683456,31.52273373438732,32.479791738253674,99.975,0.353110063283362,99.94029056440634,100.00970943559365,59.9461897945404,9.076770553534928,59.053976245040175,60.83840334404063,504.41082008361815,20.285072787969217,502.4168711689377,506.4047689982986,3.5562374999999946,0.1734726626025766,3.539185767874671,3.573289232125318
London,Off-peak,Greedy,400,12.49187651515007,1.6955951398926028,12.325205676732793,12.658547353567347,34.320725717544555,4.653855735049992,33.86326861650394,34.77818281858517,99.825,0.9200495791370027,99.73456247093871,99.9154375290613,64.27900637626648,8.710527315960952,63.422793205650905,65.13521954688206,457.17506479263307,87.1146012524076,448.6120161688648,465.73811341640135,3.361957250000005,0.45532098870421617,3.3172008519950418,3.4067136480049682
London,Peak-aware,DVNDA,400,11.655960289239884,1.7798009023589065,11.481012330477292,11.830908248002476,32.027487936019895,4.881918542418268,31.547613090069795,32.507362781969995,99.975,0.353110063283362,99.94029056440634,100.00970943559365,65.44507348060608,10.460622171399743,64.41683234765263,66.47331461355954,504.4179991912842,20.298412312351594,502.4227390498489,506.4132593327195,3.543588,0.18494229307250878,3.5254088448939287,3.5617671551060717
London,Peak-aware,Greedy,400,12.501053541898727,1.6997918940361951,12.333970177805194,12.668136905992261,34.34608393669129,4.665859189984146,33.887446939665644,34.80472093371693,99.825,0.9200495791370027,99.73456247093871,99.9154375290613,69.5656839466095,9.965261828350197,68.58613493464193,70.54523295857706,457.5055613517761,86.70334827991466,448.98293740021546,466.0281853033368,3.3345477500000076,0.45253594271264025,3.290065111891806,3.3790303881082093
New_York,Off-peak,DVNDA,400,12.111760390996933,1.6977913469519637,11.944873673409381,12.278647108584485,31.11413601398468,4.380619067223025,30.683537084120434,31.544734943848926,99.9875,0.25,99.96292590880098,100.01207409119901,55.09008695602417,7.581992473253367,54.34480465799243,55.83536925405592,503.36279090881345,19.066664902985178,501.48860706006576,505.23697475756114,3.717908250000006,0.2949749212120292,3.688913287538865,3.746903212461147
New_York,Off-peak,Greedy,400,12.716883511543275,1.7172091495922366,12.548088094543857,12.885678928542692,32.68006656646728,4.431699238786131,32.24444664142523,33.11568649150934,99.7875,1.0701433394257487,99.68230879992375,99.89269120007624,57.64221396446228,7.627229268540953,56.89248505389874,58.39194287502582,462.46090465545655,80.73658702230559,454.5247916451247,470.3970176657884,3.363523500000003,0.4121963451872484,3.323006097685883,3.404040902314123
New_York,Peak-aware,DVNDA,400,12.117129956483842,1.69912908772597,11.950111743841166,12.284148169126517,31.128606133461,4.384040091736722,30.697670929323177,31.55954133759882,99.9875,0.25,99.96292590880098,100.01207409119901,59.16432192802429,8.650418519081882,58.314017233634196,60.01462662241439,503.36279090881345,19.066664902985178,501.48860706006576,505.23697475756114,3.557469250000009,0.14910124578931802,3.542813139552358,3.57212536044766
New_York,Peak-aware,Greedy,400,12.72601089477539,1.7229539368460878,12.556650786072392,12.895371003478388,32.704387631416324,4.445530010626762,32.267408191780014,33.141367071052635,99.7875,1.0701433394257487,99.68230879992375,99.89269120007624,61.594128932952884,8.75071967923902,60.733964999134514,62.454292866771254,462.711192779541,80.42539721353069,454.80566859617335,470.6167169629087,3.452803999999992,0.37364288007477603,3.4160762631567185,3.4895317368432655
