method,dynamic_rate,instances,cost_mean,cost_sd,qos_percent,inference_seconds,cost_ci95_low,cost_ci95_high,paper_cost_mean,paper_cost_sd,paper_qos_percent,cost_relative_error,cost_absolute_percentage_error
Greedy,0.1,100,9.15137004852295,1.019546627998352,99.80000305175781,0.3919925000000002,,,9.07,1.12,99.9,0.008971339418186286,0.008971339418186286
Greedy,0.25,100,9.870150566101074,1.0972228050231934,99.75,0.46171870000000004,,,9.69,1.25,99.9,0.018591389690513438,0.018591389690513438
Greedy,0.5,100,11.23177719116211,1.3024466037750244,99.80000305175781,0.5327038000000002,,,11.25,1.43,99.9,-0.0016198052300346877,0.0016198052300346877
Greedy,0.75,100,12.16448974609375,1.4763903617858887,99.74999237060547,0.6276785999999999,,,12.43,1.51,99.45,-0.021360438769609802,0.021360438769609802
MARDAM,0.1,100,9.037138938903809,1.060258388519287,99.69999694824219,0.15862230000000022,8.826760672155883,9.247517205651734,8.91,1.29,99.95,0.014269241178878511,0.014269241178878511
MARDAM,0.25,100,10.035516738891602,1.291496992111206,99.80000305175781,0.15730760000000021,9.779255716434648,10.291777761348555,9.85,1.27,99.8,0.018834186689502763,0.018834186689502763
MARDAM,0.5,100,11.426270484924316,1.4145692586898804,99.8499984741211,0.16847410000000007,11.145589254706763,11.70695171514187,11.45,1.37,99.85,-0.0020724467315006434,0.0020724467315006434
MARDAM,0.75,100,12.351276397705078,1.409824252128601,99.9000015258789,0.16394580000000047,12.071536679732915,12.631016115677241,12.81,1.49,99.85,-0.03580980501911957,0.03580980501911957
MAAM,0.1,100,8.863092422485352,1.1896382570266724,99.6500015258789,0.17028640000000017,8.627042382909796,9.099142462060907,8.83,1.22,99.8,0.003747726215781677,0.003747726215781677
MAAM,0.25,100,9.661853790283203,1.2705631256103516,99.75,0.17263759999999984,9.409746501103411,9.913961079462995,9.68,1.55,99.65,-0.00187460844181786,0.00187460844181786
MAAM,0.5,100,11.317431449890137,1.3500534296035767,99.75,0.1745220999999999,11.049551559843952,11.585311339936322,11.32,1.3,99.4,-0.00022690371995259806,0.00022690371995259806
MAAM,0.75,100,12.238775253295898,1.3983169794082642,99.80000305175781,0.16993240000000043,11.961318827883469,12.516231678708328,12.72,1.53,99.95,-0.03783213417485076,0.03783213417485076
LiDRL,0.1,100,8.895533561706543,1.3029215335845947,99.8499984741211,0.2612122000000001,8.63700566236412,9.154061461048967,8.67,1.27,100.0,0.026013098236048693,0.026013098236048693
LiDRL,0.25,100,9.809449195861816,1.1851245164871216,99.9000015258789,0.2693715000000001,9.574294780335588,10.044603611388045,9.45,1.24,100.0,0.03803695194304946,0.03803695194304946
LiDRL,0.5,100,10.872374534606934,1.3701404333114624,99.9000015258789,0.2363761000000011,10.600508947234529,11.144240121979339,11.01,1.45,100.0,-0.012500042270033207,0.012500042270033207
LiDRL,0.75,100,12.027063369750977,1.4187122583389282,99.94999694824219,0.20694950000000034,11.74556007852005,12.308566660981903,12.52,1.62,100.0,-0.03937193532340444,0.03937193532340444
AMCVN,0.1,100,8.607338905334473,1.1697607040405273,99.8499984741211,0.2323644999999992,8.375233003517877,8.839444807151068,8.39,1.29,100.0,0.02590451791829218,0.02590451791829218
AMCVN,0.25,100,9.463505744934082,1.1699022054672241,99.8499984741211,0.23127740000000152,9.231371766164536,9.695639723703628,9.23,1.23,100.0,0.025298563914851746,0.025298563914851746
AMCVN,0.5,100,10.900062561035156,1.288437008857727,99.75,0.25105059999999924,10.644408705642492,11.15571641642782,10.75,1.54,100.0,0.013959308003270277,0.013959308003270277
AMCVN,0.75,100,12.077217102050781,1.5914219617843628,99.8499984741211,0.23733939999999976,11.761444458693207,12.392989745408356,12.03,1.47,100.0,0.003924946138884611,0.003924946138884611
DVNDA,0.1,100,8.282001495361328,1.1065856218338013,99.9000015258789,0.36227050000000105,8.062430900447488,8.501572090275168,8.31,1.22,100.0,-0.00336925446915437,0.00336925446915437
DVNDA,0.25,100,9.033540725708008,1.0301403999328613,99.8499984741211,0.38125759999999964,8.829138521309936,9.23794293010608,8.95,1.3,100.0,0.009334159296984224,0.009334159296984224
DVNDA,0.5,100,10.400967597961426,1.306945562362671,99.8499984741211,0.3809719000000005,10.14164124400752,10.660293951915332,10.47,1.53,100.0,-0.006593352630236415,0.006593352630236415
DVNDA,0.75,100,11.673457145690918,1.3880892992019653,99.8499984741211,0.3536222999999996,11.398030113922482,11.948884177459353,11.78,1.44,100.0,-0.00904438491588122,0.00904438491588122
